Date,Category,Description,Bill,Account,In/Out,Actuals/Budget,addt'l info,CatBill,CatBillCode2,CatBillCodeZZZ,dayZZZ,monthZZZ,AccountCodeZZZ,InOutCodeZZZ,ActBudCodeZZZ
7/1/2016,Restaurants/Dining,CHECKCARD  0629 BIG FISH GRILL                              WOODINVILLE  WA xxxxxxxxxxxxxxxxxxx5983,N/A,Bank of America - Bank - Bank of America Core Checking,PAYMENT,Actuals,BIG FISH GRILL,Restaurants/Dining:N/A:PAYMENT,53,0,1,7,5,5,1
7/1/2016,Home Maintenance,Greystone HOA   Bill Payment,HOA,Bank of America - Bank - Bank of America Core Checking,PAYMENT,Actuals,,Home Maintenance:HOA:PAYMENT,261,0,1,7,5,5,1
7/1/2016,Home Improvement,HOME DEPOT CREDIT SERVICES Bill Payment,N/A,Bank of America - Bank - Bank of America Core Checking,PAYMENT,Actuals,Home Depot,Home Improvement:N/A:PAYMENT,107,0,1,7,5,5,1
7/1/2016,Investment Income,"Online Banking Transfer Conf# t9ok6iw73;                    GLOVER, RUSSELL",Cirillo,Bank of America - Bank - Bank of America Core Checking,INCOME,Actuals,Transfer,Investment Income:Cirillo:INCOME,27,0,1,7,5,4,1
7/1/2016,PAYPAL,PAYPAL *LATINAMERIC xxxxxxxxxx xxxxxxxx    xxx-xxx-7733,N/A,American Express Cards - Business Gold Rewards Card AMEX Business CC,PAYMENT,Actuals,PayPal,PAYPAL:N/A:PAYMENT,274,0,1,7,3,5,1
7/1/2016,Interest,PURCHASE INTEREST CHARGE,ChaseCC,Chase - Credit Card - S. ANGULO,PAYMENT,Actuals,Interest,Interest:ChaseCC:PAYMENT,166,0,1,7,13,5,1
7/1/2016,Groceries,Withdrawal #xxxxxxxxxx81 - COSTCO WHSE #0747 WOODINVILLE WA %% Card 15 #7547,N/A,State Department FCU - Bank - BASIC CHECKING,PAYMENT,Actuals,Costco Wholesale,Groceries:N/A:PAYMENT,84,0,1,7,20,5,1
7/1/2016,Groceries,Withdrawal #xxxxxxxxxx92 - COSTCO WHSE #0747 WOODINVILLE WA %% Card 15 #7547,N/A,State Department FCU - Bank - BASIC CHECKING,PAYMENT,Actuals,Costco Wholesale,Groceries:N/A:PAYMENT,84,0,1,7,20,5,1
7/2/2016,Interest,INTEREST CHARGE ON BALANCE TRANSFERS,Discover,Discover Card - Discover,PAYMENT,Actuals,Transfer,Interest:Discover:PAYMENT,172,0,2,7,16,5,1
7/2/2016,Interest,INTEREST CHARGE ON BALANCE TRANSFERS,Discover,Discover Card - Discover,PAYMENT,Actuals,Transfer,Interest:Discover:PAYMENT,172,0,2,7,16,5,1
7/2/2016,Interest,INTEREST CHARGE ON PURCHASES,Discover,Discover Card - Discover,PAYMENT,Actuals,Interest,Interest:Discover:PAYMENT,172,0,2,7,16,5,1
7/2/2016,Restaurants/Dining,TIPSY COW BURGER BARREDMOND xxxxxxxx    xxx-xxx-8716,N/A,American Express Cards - Business Gold Rewards Card AMEX Business CC,PAYMENT,Actuals,,Restaurants/Dining:N/A:PAYMENT,53,0,2,7,3,5,1
7/2/2016,Parking,UBER   *US JUL01 UQGxxx-xxx-103 7XEH80BS    xxxxxx1039,N/A,American Express Cards - Business Gold Rewards Card AMEX Business CC,PAYMENT,Actuals,Uber Technologies Ltd,Parking:N/A:PAYMENT,89,0,2,7,3,5,1
7/2/2016,Health,Withdrawal Visa Debit Card - MAGIC NAIL SALON REDMOND WA Date 06/30/16 x xxxxxxxxxx x 7230 %% Card 15 #7547,N/A,State Department FCU - Bank - BASIC CHECKING,PAYMENT,Actuals,,Health:N/A:PAYMENT,0,0,2,7,20,5,1
7/3/2016,Business Miscellaneous,AMAZON WEB SERVICES AWS.AMAZON. QIEWCCVTHOL WEB SERVICES,AWS,American Express Cards - Blue for Business,PAYMENT,Actuals,Amazon.com,Business Miscellaneous:AWS:PAYMENT,30,0,3,7,2,5,1
7/3/2016,Parking,STANDARD PARKING x1870,AmzParking,Chase - Credit Card - CREDIT CARD Chase Sandra,PAYMENT,Actuals,,Parking:AmzParking:PAYMENT,162,0,3,7,12,5,1
7/3/2016,Groceries,Withdrawal #xxxxxxxxxx78 - WAL-MART #5939 Wal-Mart Store BELLEVUE S WA %% Card 15 #7547,N/A,State Department FCU - Bank - BASIC CHECKING,PAYMENT,Actuals,Walmart,Groceries:N/A:PAYMENT,84,0,3,7,20,5,1
7/3/2016,Groceries,Withdrawal Bill Payment - #xxxxxxxx0708 AMAZON.COM SEATTLE WA %% Card 15 #7547,N/A,State Department FCU - Bank - BASIC CHECKING,PAYMENT,Actuals,Amazon.com,Groceries:N/A:PAYMENT,84,0,3,7,20,5,1
7/3/2016,Groceries,Withdrawal Bill Payment - #xxxxxxxx1408 AMAZON.COM SEATTLE WA %% Card 15 #7547,N/A,State Department FCU - Bank - BASIC CHECKING,PAYMENT,Actuals,Amazon.com,Groceries:N/A:PAYMENT,84,0,3,7,20,5,1
7/3/2016,Home Maintenance,Withdrawal Visa Debit Card - AREPA VENEZUELAN KITCHEN SEATTLE WA Date 07/03/16 x xxxxxxxxxx x 5812 %% Card 15 #7547,N/A,State Department FCU - Bank - BASIC CHECKING,PAYMENT,Actuals,,Home Maintenance:N/A:PAYMENT,113,0,3,7,20,5,1
7/4/2016,Home Improvement,THE HOME DEPOT      BOTHELL xxxxxxxxxxx xxx-xxx-0688,N/A,American Express Cards - Business Gold Rewards Card AMEX Business CC,PAYMENT,Actuals,Home Depot,Home Improvement:N/A:PAYMENT,107,0,4,7,3,5,1
7/4/2016,Home Improvement,THE HOME DEPOT      BOTHELL xxxxxxxxxxx xxx-xxx-0688,N/A,American Express Cards - Business Gold Rewards Card AMEX Business CC,INCOME,Actuals,Home Depot,Home Improvement:N/A:INCOME,69,0,4,7,3,4,1
7/4/2016,Groceries,Withdrawal #xxxxxxxxxx47 - UWAJIMAYA BELLE 699 120TH BELLEVUE WA %% Card 15 #7547,N/A,State Department FCU - Bank - BASIC CHECKING,PAYMENT,Actuals,Uwajimaya,Groceries:N/A:PAYMENT,84,0,4,7,20,5,1
7/5/2016,Parking,CHECKCARD  0702 GOOD2GO REPLENISHMENT                       xxx-xxx-8246 WA xxxxxxxxxxxxxxxxxxx5989,N/A,Bank of America - Bank - Bank of America Core Checking,PAYMENT,Actuals,Good To Go,Parking:N/A:PAYMENT,89,0,5,7,5,5,1
7/5/2016,Restaurants/Dining,CHECKCARD  0703 TEDDY'S BIGGER BURGERS                      WOODINVILLE  WA xxxxxxxxxxxxxxxxxxx2786,N/A,Bank of America - Bank - Bank of America Core Checking,PAYMENT,Actuals,,Restaurants/Dining:N/A:PAYMENT,53,0,5,7,5,5,1
7/5/2016,Restaurants/Dining,CHECKCARD  0704 SQ *WOW WOW LEMONADE KI                     Kirkland     WA xxxxxxxxxxxxxxxxxxx2330,N/A,Bank of America - Bank - Bank of America Core Checking,PAYMENT,Actuals,Lemonade,Restaurants/Dining:N/A:PAYMENT,53,0,5,7,5,5,1
7/5/2016,Groceries,COSTCO WHSE #0  07/03 #xxxxx4251 PURCHASE                   COSTCO WHSE #0747  WOODINVILLE   WA,Costco,Bank of America - Bank - Bank of America Core Checking,PAYMENT,Actuals,Costco Wholesale,Groceries:Costco:PAYMENT,47,0,5,7,5,5,1
7/5/2016,Groceries,Deposit AMAZON.COMxxxx12 - TYPE: Misc. Paym ID: xxxxxx8319 CO: AMAZON.COMxx2712 %% ACH ECC CCD %% ACH Trace xxxxxxxxxxx1812,N/A,State Department FCU - Bank - BASIC CHECKING,INCOME,Actuals,Amazon.com,Groceries:N/A:INCOME,98,0,5,7,20,4,1
7/5/2016,Home Maintenance,Greystone HOA   Bill Payment,HOA,Bank of America - Bank - Bank of America Core Checking,PAYMENT,Actuals,,Home Maintenance:HOA:PAYMENT,261,0,5,7,5,5,1
7/5/2016,Child/Dependent Expenses,PARTY CITY 156  07/02 #xxxxx8827 PURCHASE                   PARTY CITY x5600   Bellevue      WA,N/A,Bank of America - Bank - Bank of America Core Checking,PAYMENT,Actuals,Party City,Child/Dependent Expenses:N/A:PAYMENT,57,0,5,7,5,5,1
7/5/2016,Clothing/Shoes,SPORTS AUTHORI  07/02 #xxxxx5292 PURCHASE                   SPORTS AUTHORITY   BELLEVUE      WA,N/A,Bank of America - Bank - Bank of America Core Checking,PAYMENT,Actuals,The Sports Authority,Clothing/Shoes:N/A:PAYMENT,52,0,5,7,5,5,1
7/5/2016,Home Improvement,THE HOME DEPOT  07/03 #xxxxx5088 PURCHASE                   THE HOME DEPOT 47  BOTHELL       WA,N/A,Bank of America - Bank - Bank of America Core Checking,PAYMENT,Actuals,Home Depot,Home Improvement:N/A:PAYMENT,107,0,5,7,5,5,1
7/5/2016,Restaurants/Dining,TOTAL WINE AND  07/04 #xxxxx5179 PURCHASE                   TOTAL WINE AND MO  BELLEVUE      WA,N/A,Bank of America - Bank - Bank of America Core Checking,PAYMENT,Actuals,Total Wine,Restaurants/Dining:N/A:PAYMENT,53,0,5,7,5,5,1
7/5/2016,Mortgages,Withdrawal CENLAR FSB - TYPE: BILL PAYMT ID: Mxxxxx5550 CO: CENLAR FSB %% ACH ECC PPD %% ACH Trace xxxxxxxxxxx1973,Mortgage,State Department FCU - Bank - BASIC CHECKING,PAYMENT,Actuals,,Mortgages:Mortgage:PAYMENT,205,0,5,7,20,5,1
7/6/2016,Investment Properties,Amtrust Bank    Bill Payment,Cirillo,Bank of America - Bank - Bank of America Core Checking,PAYMENT,Actuals,,Investment Properties:Cirillo:PAYMENT,102,0,6,7,5,5,1
7/6/2016,Pets/Pet Care,BANFIELD WELLNESS PLANS,Floppy,Chase - Credit Card - CREDIT CARD Chase Sandra,PAYMENT,Actuals,Banfield,Pets/Pet Care:Floppy:PAYMENT,103,0,6,7,12,5,1
7/6/2016,Credit Card Payments,CHASE CREDIT CARDS Bill Payment,ChaseCC,Bank of America - Bank - Bank of America Core Checking,PAYMENT,Actuals,Chase,Credit Card Payments:ChaseCC:PAYMENT,31,0,6,7,5,5,1
7/6/2016,Investment Properties,Chase Home Mortgage Bill Payment,ChaseCC,Bank of America - Bank - Bank of America Core Checking,PAYMENT,Actuals,Chase,Investment Properties:ChaseCC:PAYMENT,271,0,6,7,5,5,1
7/6/2016,Restaurants/Dining,CHECKCARD  0704 DENNY'S #7864                               BELLEVUE     WA xxxxxxxxxxxxxxxxxxx7200,N/A,Bank of America - Bank - Bank of America Core Checking,PAYMENT,Actuals,Denny's Restaurant,Restaurants/Dining:N/A:PAYMENT,53,0,6,7,5,5,1
7/6/2016,Business Miscellaneous,GITHUB GITHUB       SAN FRANCIS QTCTD5BT    xxxxxx0224,N/A,American Express Cards - Blue for Business,PAYMENT,Actuals,GitHub,Business Miscellaneous:N/A:PAYMENT,39,0,6,7,2,5,1
7/6/2016,Deposits,State Dept FCU  Bill Payment,N/A,Bank of America - Bank - Bank of America Core Checking,PAYMENT,Actuals,Deposit,Deposits:N/A:PAYMENT,280,0,6,7,5,5,1
7/6/2016,Travel,Travel Med Protect  Green Bay TMxxx3366   x-xxx-xxx-2900,TravelInsurance,American Express Cards - Business Gold Rewards Card AMEX Business CC,PAYMENT,Actuals,,Travel:TravelInsurance:PAYMENT,122,0,6,7,3,5,1
7/6/2016,Clothing/Shoes,VICTORIA'S SECRET 0718,N/A,Chase - Credit Card - CREDIT CARD Chase Sandra,PAYMENT,Actuals,Victoria's Secret,Clothing/Shoes:N/A:PAYMENT,52,0,6,7,12,5,1
7/6/2016,Clothing/Shoes,Withdrawal #xxxxxxxxxx82 - GAP US 1716 REDMOND WA %% Card 15 #7547,N/A,State Department FCU - Bank - BASIC CHECKING,PAYMENT,Actuals,Gap Inc,Clothing/Shoes:N/A:PAYMENT,52,0,6,7,20,5,1
7/6/2016,Credit Card Payments,Withdrawal Visa Debit Card - PP*CATHERINEFA SEATTLE WA Date 07/05/16 x xxxxxxxxxx x 8220 %% Card 15 #7547,N/A,State Department FCU - Bank - BASIC CHECKING,PAYMENT,Actuals,,Credit Card Payments:N/A:PAYMENT,272,0,6,7,20,5,1
7/7/2016,Credit Card Payments,AMERICAN EXPRESS Bill Payment,AmexBlue,Bank of America - Bank - Business Economy Chk,PAYMENT,Actuals,American Express,Credit Card Payments:AmexBlue:PAYMENT,23,0,7,7,6,5,1
7/7/2016,Credit Card Payments,BANK OF AMERICA - CREDIT CARD Bill Payment,BOA-SA,Bank of America - Bank - Bank of America Core Checking,PAYMENT,Actuals,Bank of America,Credit Card Payments:BOA-SA:PAYMENT,17,0,7,7,5,5,1
7/7/2016,Deposits,BKOFAMERICA MOBILE 07/07 xxxxxx4636 DEPOSIT                                    *MOBILE       FL,N/A,Bank of America - Bank - Regular Savings,INCOME,Actuals,Bank of America,Deposits:N/A:INCOME,257,0,7,7,7,4,1
7/7/2016,Groceries,CHECKCARD  0705 MENCHIE`S FROZEN YOGURT                     KIRKLAND     WA xxxxxxxxxxxxxxxxxxx9123,N/A,Bank of America - Bank - Bank of America Core Checking,PAYMENT,Actuals,Menchie S Frozen Yogurt,Groceries:N/A:PAYMENT,84,0,7,7,5,5,1
7/7/2016,Credit Card Payments,ELECTRONIC PAYMENT RECEIVED-THA,AmexBlue,American Express Cards - Blue for Business,INCOME,Actuals,,Credit Card Payments:AmexBlue:INCOME,80,0,7,7,2,4,1
7/7/2016,Credit Card Payments,PAYMENT - THANK YOU,BOA-SA,Bank of America - Credit Card - BankAmericard Cash Rewards Visa Signatur SA Personal,INCOME,Actuals,Payment Thank You,Credit Card Payments:BOA-SA:INCOME,186,0,7,7,9,4,1
7/7/2016,Child/Dependent Expenses,SCHOLASTIC       DES:PAYMENT    Check :1610                 INDN:xxxxxxxxxxxxxxxxx0022   CO ID:1270,N/A,Bank of America - Bank - Bank of America Core Checking,PAYMENT,Actuals,Scholastic Inc.,Child/Dependent Expenses:N/A:PAYMENT,57,0,7,7,5,5,1
7/7/2016,Home Improvement,THE HOME DEPOT  07/06 #xxxxx9374 PURCHASE                   THE HOME DEPOT 47  REDMOND       WA,N/A,Bank of America - Bank - Bank of America Core Checking,PAYMENT,Actuals,Home Depot,Home Improvement:N/A:PAYMENT,107,0,7,7,5,5,1
7/7/2016,Restaurants/Dining,Withdrawal Visa Debit Card - SPECIALTYS CAFE BAKE SEATTLE WA Date 07/06/16 x xxxxxxxxxx x 5814 %% Card 15 #7547,N/A,State Department FCU - Bank - BASIC CHECKING,PAYMENT,Actuals,Specialty's Cafe & Bakery,Restaurants/Dining:N/A:PAYMENT,53,0,7,7,20,5,1
7/8/2016,ATM/Cash withdrawals,BKOFAMERICA ATM 07/08 #xxxxx7931 WITHDRWL                   QFC NORTH REDMON   REDMOND       WA,N/A,Bank of America - Bank - Bank of America Core Checking,PAYMENT,Actuals,Cash Withdrawal,ATM/Cash withdrawals:N/A:PAYMENT,46,0,8,7,5,5,1
7/8/2016,Groceries,CHECKCARD  0707 #1594 COUNTY MARKET                         WOODINVILLE  WA xxxxxxxxxxxxxxxxxxx6800,N/A,Bank of America - Bank - Bank of America Core Checking,PAYMENT,Actuals,,Groceries:N/A:PAYMENT,84,0,8,7,5,5,1
7/8/2016,Gasoline/Fuel,CHECKCARD  0707 COSTCO GAS #0747                            WOODINVILLE  WA xxxxxxxxxxxxxxxxxxx3253,N/A,Bank of America - Bank - Bank of America Core Checking,PAYMENT,Actuals,Costco Gas,Gasoline/Fuel:N/A:PAYMENT,130,0,8,7,5,5,1
7/8/2016,Restaurants/Dining,CHECKCARD  0707 SQ *ACAI AND ESPRESSO L                     Kirkland     WA xxxxxxxxxxxxxxxxxxx2428,N/A,Bank of America - Bank - Bank of America Core Checking,PAYMENT,Actuals,Espresso,Restaurants/Dining:N/A:PAYMENT,53,0,8,7,5,5,1
7/8/2016,Groceries,COSTCO WHSE #0  07/07 #xxxxx0671 PURCHASE                   COSTCO WHSE #0747  WOODINVILLE   WA,Costco,Bank of America - Bank - Bank of America Core Checking,PAYMENT,Actuals,Costco Wholesale,Groceries:Costco:PAYMENT,47,0,8,7,5,5,1
7/8/2016,Groceries,HAGGEN NW FRES  07/08 #xxxxx0415 PURCHASE                   HAGGEN NW FRESH #  WOODINVILLE   WA,N/A,Bank of America - Bank - Bank of America Core Checking,PAYMENT,Actuals,Haggen Northwest Fresh,Groceries:N/A:PAYMENT,84,0,8,7,5,5,1
7/8/2016,Pets/Pet Care,PETSMART INC 3  07/08 #xxxxx7842 PURCHASE                   PETSMART INC 378   WOODINVILLE   WA,N/A,Bank of America - Bank - Bank of America Core Checking,PAYMENT,Actuals,PetSmart,Pets/Pet Care:N/A:PAYMENT,152,0,8,7,5,5,1
7/8/2016,Utilities,PSE - PUGET SOUND ENERGY Bill Payment,PSE-Energy,Bank of America - Bank - Bank of America Core Checking,PAYMENT,Actuals,Puget Sound Energy,Utilities:PSE-Energy:PAYMENT,68,0,8,7,5,5,1
7/8/2016,Groceries,Withdrawal #xxxxxxxxxx24 - COSTCO WHSE #0747 WOODINVILLE WA %% Card 15 #7547,Costco,State Department FCU - Bank - BASIC CHECKING,PAYMENT,Actuals,Costco Wholesale,Groceries:Costco:PAYMENT,47,0,8,7,20,5,1
7/8/2016,Groceries,Withdrawal Bill Payment - #xxxxxxxx8109 AMAZON.COM SEATTLE WA %% Card 15 #7547,N/A,State Department FCU - Bank - BASIC CHECKING,PAYMENT,Actuals,Amazon.com,Groceries:N/A:PAYMENT,84,0,8,7,20,5,1
7/9/2016,Interest,INTEREST CHARGED ON PURCHASES,BOA-SA,Bank of America - Credit Card - BankAmericard Cash Rewards Visa Signatur SA Personal,PAYMENT,Actuals,Interest,Interest:BOA-SA:PAYMENT,141,0,9,7,9,5,1
7/9/2016,Business Miscellaneous,INTUIT *QB ONLINE   xxx-xxx-680 IGS_xxx2020 SOFTWARE,QB,American Express Cards - Blue for Business,PAYMENT,Actuals,Intuit,Business Miscellaneous:QB:PAYMENT,220,0,9,7,2,5,1
7/9/2016,Travel,LYNDEN KOA          LYNDEN xx8491      CAMPGROUND,N/A,American Express Cards - Blue for Business,PAYMENT,Actuals,,Travel:N/A:PAYMENT,18,0,9,7,2,5,1
7/9/2016,Restaurants/Dining,Withdrawal Visa Debit Card - MERCURYS COFFEE CO - 7 WOODINVILLE WA Date 07/08/16 x xxxxxxxxxx x 5814 %% Card 15 #7547,N/A,State Department FCU - Bank - BASIC CHECKING,PAYMENT,Actuals,,Restaurants/Dining:N/A:PAYMENT,53,0,9,7,20,5,1
7/11/2016,Restaurants/Dining,CHECKCARD  0708 PASTA NOVA                                  WOODINVILLE  WA xxxxxxxxxxxxxxxxxxx0150,N/A,Bank of America - Bank - Bank of America Core Checking,PAYMENT,Actuals,,Restaurants/Dining:N/A:PAYMENT,53,0,11,7,5,5,1
7/11/2016,Pets/Pet Care,PETSMART INC 3  07/11 #xxxxx5842 PURCHASE                   PETSMART INC 378   WOODINVILLE   WA,N/A,Bank of America - Bank - Bank of America Core Checking,PAYMENT,Actuals,PetSmart,Pets/Pet Care:N/A:PAYMENT,152,0,11,7,5,5,1
7/12/2016,Child/Dependent Expenses,Draft xx0251# xx0251 Northlake Academy,JulianSchool,State Department FCU - Bank - BASIC CHECKING,PAYMENT,Actuals,Checks,Child/Dependent Expenses:JulianSchool:PAYMENT,73,0,12,7,20,5,1
7/12/2016,Credit Card Payments,PAYMENT - THANK YOU,Sears,Sears Credit Card - Sears MasterCard,INCOME,Actuals,Payment Thank You,Credit Card Payments:Sears:INCOME,153,0,12,7,19,4,1
7/12/2016,Groceries,QUALITY F 8867  07/12 #xxxxx8779 PURCHASE                   QUALITY F xxx7 16  REDMOND       WA,QFC,Bank of America - Bank - Bank of America Core Checking,PAYMENT,Actuals,,Groceries:QFC:PAYMENT,88,0,12,7,5,5,1
7/12/2016,Credit Card Payments,SEARS           Bill Payment,Sears,Bank of America - Bank - Bank of America Core Checking,PAYMENT,Actuals,,Credit Card Payments:Sears:PAYMENT,176,0,12,7,5,5,1
7/12/2016,Parking,STIA PUBLIC PARKING SEATAC xxxxxxxx    xxx-xxx-3412,N/A,American Express Cards - Blue for Business,PAYMENT,Actuals,,Parking:N/A:PAYMENT,89,0,12,7,2,5,1
7/13/2016,Interest,PURCHASE FINANCE CHARGE,AmexBlue,American Express Cards - Blue for Business,PAYMENT,Actuals,Charge/Fee,Interest:AmexBlue:PAYMENT,92,0,13,7,2,5,1
7/13/2016,Groceries,Wal-Mart Store  07/12 #xxxxx9173 PURCHASE                   Wal-Mart Store     BELLEVUE S    WA,N/A,Bank of America - Bank - Bank of America Core Checking,PAYMENT,Actuals,Walmart,Groceries:N/A:PAYMENT,84,0,13,7,5,5,1
7/13/2016,Groceries,Withdrawal #xxxxxxxxxx42 - Wal-Mart Store 5939 WAL-SAMS BELLEVUE S WA %% Card 15 #7547,N/A,State Department FCU - Bank - BASIC CHECKING,PAYMENT,Actuals,Walmart,Groceries:N/A:PAYMENT,84,0,13,7,20,5,1
7/13/2016,Groceries,Withdrawal Bill Payment - #xxxxxxxx0805 AMAZON.COM SEATTLE WA %% Card 15 #7547,N/A,State Department FCU - Bank - BASIC CHECKING,PAYMENT,Actuals,Amazon.com,Groceries:N/A:PAYMENT,84,0,13,7,20,5,1
7/13/2016,Groceries,Withdrawal Bill Payment - #xxxxxxxx2407 AMAZON.COM SEATTLE WA %% Card 15 #7547,N/A,State Department FCU - Bank - BASIC CHECKING,PAYMENT,Actuals,Amazon.com,Groceries:N/A:PAYMENT,84,0,13,7,20,5,1
7/13/2016,Groceries,Withdrawal Bill Payment - #xxxxxxxx4107 AMAZON.COM SEATTLE WA %% Card 15 #7547,N/A,State Department FCU - Bank - BASIC CHECKING,PAYMENT,Actuals,Amazon.com,Groceries:N/A:PAYMENT,84,0,13,7,20,5,1
7/13/2016,Groceries,Withdrawal Bill Payment - #xxxxxxxx7709 AMAZON.COM SEATTLE WA %% Card 15 #7547,N/A,State Department FCU - Bank - BASIC CHECKING,PAYMENT,Actuals,Amazon.com,Groceries:N/A:PAYMENT,84,0,13,7,20,5,1
7/13/2016,Groceries,Withdrawal Visa Debit Card - Amazon Prime Now Amazon.com/Bi WA Date 07/13/16 x xxxxxxxxxx x 5999 %% Card 15 #7547,N/A,State Department FCU - Bank - BASIC CHECKING,PAYMENT,Actuals,Amazon.com,Groceries:N/A:PAYMENT,84,0,13,7,20,5,1
7/14/2016,Checks,Check 1611 | Kiong County Distrcit Court,,Bank of America - Bank - Bank of America Core Checking,PAYMENT,Actuals,,Checks::PAYMENT,0,0,14,7,5,5,1
7/14/2016,Parking,CHECKCARD  0713 GOOD2GO REPLENISHMENT                       xxx-xxx-8246 WA xxxxxxxxxxxxxxxxxxx2758,N/A,Bank of America - Bank - Bank of America Core Checking,PAYMENT,Actuals,Good To Go,Parking:N/A:PAYMENT,89,0,14,7,5,5,1
7/14/2016,Business Miscellaneous,OFFICE MAX/OFFICE DEKIRKLAND xxxxxxxxxxxxxxxxxxxxxxxx    x8034,N/A,American Express Cards - Blue for Business,PAYMENT,Actuals,OfficeMax,Business Miscellaneous:N/A:PAYMENT,39,0,14,7,2,5,1
7/14/2016,Credit Card Payments,State department FCU Credit Card Bill Payment,SDFCU-CC,Bank of America - Bank - Bank of America Core Checking,PAYMENT,Actuals,,Credit Card Payments:SDFCU-CC:PAYMENT,190,0,14,7,5,5,1
7/14/2016,Restaurants/Dining,Withdrawal Visa Debit Card - SPECIALTYS CAFE BAKE SEATTLE WA Date 07/13/16 x xxxxxxxxxx x 5814 %% Card 15 #7547,N/A,State Department FCU - Bank - BASIC CHECKING,PAYMENT,Actuals,Specialty's Cafe & Bakery,Restaurants/Dining:N/A:PAYMENT,53,0,14,7,20,5,1
7/15/2016,Credit Card Payments,AMERICAN EXPRESS Bill Payment,AmexGold,Bank of America - Bank - Business Economy Chk,PAYMENT,Actuals,American Express,Credit Card Payments:AmexGold:PAYMENT,28,0,15,7,6,5,1
7/15/2016,Automotive Expenses,BECU            Bill Payment,BMW,Bank of America - Bank - Bank of America Core Checking,PAYMENT,Actuals,,Automotive Expenses:BMW:PAYMENT,126,0,15,7,5,5,1
7/15/2016,Credit Card Payments,CHASE CREDIT CARDS Bill Payment,ChaseCC,Bank of America - Bank - Bank of America Core Checking,PAYMENT,Actuals,Chase,Credit Card Payments:ChaseCC:PAYMENT,31,0,15,7,5,5,1
7/15/2016,Uncategorized,CHECKCARD  0713 LOCAL TERRY AVENUE                          SEATTLE      WA xxxxxxxxxxxxxxxxxxx5430,N/A,Bank of America - Bank - Bank of America Core Checking,PAYMENT,Actuals,,Uncategorized:N/A:PAYMENT,87,0,15,7,5,5,1
7/15/2016,Groceries,CHECKCARD  0714 VEGGIE GRILL SLU                            SEATTLE      WA xxxxxxxxxxxxxxxxxxx2407,N/A,Bank of America - Bank - Bank of America Core Checking,PAYMENT,Actuals,Veggie Grill,Groceries:N/A:PAYMENT,84,0,15,7,5,5,1
7/15/2016,Paychecks/Salary,CHECKFREE SERVIC DES:PAYROLL    ID:xxxxxxxxxx0878            INDN:SANTIAGO ANGULO         CO ID:1080,SAL-SA,Bank of America - Bank - Bank of America Core Checking,INCOME,Actuals,,Paychecks/Salary:SAL-SA:INCOME,10,0,15,7,5,4,1
7/15/2016,Credit Card Payments,DISCOVER CARD   Bill Payment,Discover,Bank of America - Bank - Bank of America Core Checking,PAYMENT,Actuals,,Credit Card Payments:Discover:PAYMENT,42,0,15,7,5,5,1
7/15/2016,Credit Card Payments,ELECTRONIC PAYMENT RECEIVED-THA,AmexGold,American Express Cards - Business Gold Rewards Card AMEX Business CC,INCOME,Actuals,,Credit Card Payments:AmexGold:INCOME,51,0,15,7,3,4,1
7/15/2016,Julian 529,Future Scholar  Bill Payment,N/A,Bank of America - Bank - Bank of America Core Checking,PAYMENT,Actuals,,Julian 529:N/A:PAYMENT,183,0,15,7,5,5,1
7/15/2016,Interest,INTEREST CHARGE ON CASH ADVANCES,Interest,Sears Credit Card - Sears MasterCard,INCOME,Actuals,Interest,Interest:Interest:INCOME,242,0,15,7,19,4,1
7/15/2016,Interest,INTEREST CHARGE ON PURCHASES,Interest,Sears Credit Card - Sears MasterCard,INCOME,Actuals,Interest,Interest:Interest:INCOME,242,0,15,7,19,4,1
7/15/2016,Insurance,METLIFE P C      DES:INS PAYMNT ID:xxxxx1703                 INDN:ANGULO SANTIAGO         CO ID:2132,CarInsurance,Bank of America - Bank - Bank of America Core Checking,PAYMENT,Actuals,MetLife,Insurance:CarInsurance:PAYMENT,182,0,15,7,5,5,1
7/15/2016,Transfers,Online Banking transfer from SAV 4195                       Confirmation# xxxxxx0034,N/A,Bank of America - Bank - Business Economy Chk,INCOME,Actuals,Transfer,Transfers:N/A:INCOME,253,0,15,7,6,4,1
7/15/2016,Transfers,Online Banking transfer to CHK 4354                         Confirmation# xxxxxx0034,N/A,Bank of America - Bank - Regular Savings,PAYMENT,Actuals,Transfer,Transfers:N/A:PAYMENT,270,0,15,7,7,5,1
7/15/2016,Credit Card Payments,PAYMENT - THANK YOU,Discover,Discover Card - Discover,INCOME,Actuals,Payment Thank You,Credit Card Payments:Discover:INCOME,191,0,15,7,16,4,1
7/15/2016,Credit Card Payments,Payment Thank You Bill Pa,ChaseCC,Chase - Credit Card - CREDIT CARD Chase Sandra,INCOME,Actuals,Payment Thank You,Credit Card Payments:ChaseCC:INCOME,148,0,15,7,12,4,1
7/15/2016,ATM/Cash Withdrawals,WA TLR cash withdrawal from SAV 4195                        Banking Ctr WOODINVILLE              #00,N/A,Bank of America - Bank - Regular Savings,PAYMENT,Actuals,Cash Withdrawal,ATM/Cash Withdrawals:N/A:PAYMENT,46,0,15,7,7,5,1
7/15/2016,Groceries,Withdrawal Visa Debit Card - Amazon Prime Now Tips Amazon.com/Bi WA Date 07/15/16 x xxxxxxxxxx x 5999 %% Card 15 #7547,N/A,State Department FCU - Bank - BASIC CHECKING,PAYMENT,Actuals,Amazon.com,Groceries:N/A:PAYMENT,84,0,15,7,20,5,1
7/15/2016,Credit Card Payments,Withdrawal Visa Debit Card - EVERYTHING PARTY REDMOND WA Date 07/14/16 x xxxxxxxxxx x 5999 %% Card 15 #7547,N/A,State Department FCU - Bank - BASIC CHECKING,PAYMENT,Actuals,,Credit Card Payments:N/A:PAYMENT,272,0,15,7,20,5,1
7/15/2016,Credit Card Payments,Withdrawal Visa Debit Card - EVERYTHING PARTY REDMOND WA Date 07/14/16 x xxxxxxxxxx x 5999 %% Card 15 #7547,N/A,State Department FCU - Bank - BASIC CHECKING,PAYMENT,Actuals,,Credit Card Payments:N/A:PAYMENT,272,0,15,7,20,5,1
7/16/2016,Groceries,Withdrawal #xxxxxxxxxx27 - COSTCO WHSE #0747 WOODINVILLE WA %% Card 15 #7547,Costco,State Department FCU - Bank - BASIC CHECKING,PAYMENT,Actuals,Costco Wholesale,Groceries:Costco:PAYMENT,47,0,16,7,20,5,1
7/16/2016,Restaurants/Dining,Withdrawal Visa Debit Card - FATBURGER REDMOND WA Date 07/16/16 x xxxxxxxxxx x 5814 %% Card 15 #7547,N/A,State Department FCU - Bank - BASIC CHECKING,PAYMENT,Actuals,Fatburger,Restaurants/Dining:N/A:PAYMENT,53,0,16,7,20,5,1
7/17/2016,Healthcare/Medical,LA FITNESS,Gym,Chase - Credit Card - CREDIT CARD Chase Sandra,PAYMENT,Actuals,LA Fitness,Healthcare/Medical:Gym:PAYMENT,128,0,17,7,12,5,1
7/17/2016,Healthcare/Medical,LA FITNESS,Gym,Chase - Credit Card - CREDIT CARD Chase Sandra,PAYMENT,Actuals,LA Fitness,Healthcare/Medical:Gym:PAYMENT,128,0,17,7,12,5,1
7/17/2016,Gasoline/Fuel,Withdrawal Visa Debit Card - COSTCO GAS #0747 WOODINVILLE WA Date 07/16/16 x xxxxxxxxxx x 5542 %% Card 15 #7547,Costco,State Department FCU - Bank - BASIC CHECKING,PAYMENT,Actuals,Costco Gas,Gasoline/Fuel:Costco:PAYMENT,0,0,17,7,20,5,1
7/18/2016,Business Miscellaneous,AMAZON WEB SERVICES AWS.AMAZON. ESWL3L74XWC WEB SERVICES,AWS,American Express Cards - Blue for Business,PAYMENT,Actuals,Amazon.com,Business Miscellaneous:AWS:PAYMENT,30,0,18,7,2,5,1
7/18/2016,Business Miscellaneous,AMAZON WEB SERVICES AWS.AMAZON. TVJQN907Z3K WEB SERVICES,AWS,American Express Cards - Blue for Business,PAYMENT,Actuals,Amazon.com,Business Miscellaneous:AWS:PAYMENT,30,0,18,7,2,5,1
7/18/2016,Business Miscellaneous,AMAZON WEB SERVICES AWS.AMAZON. TVJW723R4X4 DIRECT MKTG MISC,AWS,American Express Cards - Blue for Business,INCOME,Actuals,Amazon.com,Business Miscellaneous:AWS:INCOME,100,0,18,7,2,4,1
7/18/2016,Business Miscellaneous,AMAZON WEB SERVICES AWS.AMAZON. YV1B72RIZJ1 DIRECT MKTG MISC,AWS,American Express Cards - Blue for Business,INCOME,Actuals,Amazon.com,Business Miscellaneous:AWS:INCOME,100,0,18,7,2,4,1
7/18/2016,Business Miscellaneous,AMAZON WEB SERVICES AWS.AMAZON. YV1UN0KUM40 WEB SERVICES,AWS,American Express Cards - Blue for Business,PAYMENT,Actuals,Amazon.com,Business Miscellaneous:AWS:PAYMENT,30,0,18,7,2,5,1
7/18/2016,Home Improvement,Check 1612 | NPI - Home Inspector,,Bank of America - Bank - Bank of America Core Checking,PAYMENT,Actuals,,Home Improvement::PAYMENT,0,0,18,7,5,5,1
7/18/2016,Entertainment,CHECKCARD  0715 EVERYTHING PARTY                            REDMOND      WA xxxxxxxxxxxxxxxxxxx2302,N/A,Bank of America - Bank - Bank of America Core Checking,PAYMENT,Actuals,,Entertainment:N/A:PAYMENT,61,0,18,7,5,5,1
7/18/2016,Restaurants/Dining,CHECKCARD  0715 PRIME                                       REDMOND      WA xxxxxxxxxxxxxxxxxxx2305,N/A,Bank of America - Bank - Bank of America Core Checking,PAYMENT,Actuals,,Restaurants/Dining:N/A:PAYMENT,53,0,18,7,5,5,1
7/18/2016,Parking,CHECKCARD  0717 GOOD2GO REPLENISHMENT                       xxx-xxx-8246 WA xxxxxxxxxxxxxxxxxxx4476,N/A,Bank of America - Bank - Bank of America Core Checking,PAYMENT,Actuals,Good To Go,Parking:N/A:PAYMENT,89,0,18,7,5,5,1
7/18/2016,Automotive Expenses,CHECKCARD  xxxx 76 - UNITED PACIFIC 553                     WOODINVILLE  WA xxxxxxxxxxxxxxxxxxx2604,N/A,Bank of America - Bank - Bank of America Core Checking,PAYMENT,Actuals,,Automotive Expenses:N/A:PAYMENT,62,0,18,7,5,5,1
7/18/2016,Business Miscellaneous,FOTOLIA - U84I2Y9VRJxxx-xxx-229 U84I2Y9VRJYU84I2Y9VRJY4     xx0364,N/A,American Express Cards - Blue for Business,PAYMENT,Actuals,,Business Miscellaneous:N/A:PAYMENT,39,0,18,7,2,5,1
7/18/2016,Groceries,QUALITY F 8867  07/16 #xxxxx1038 PURCHASE                   QUALITY F xxx7 16  REDMOND       WA,QFC,Bank of America - Bank - Bank of America Core Checking,PAYMENT,Actuals,,Groceries:QFC:PAYMENT,88,0,18,7,5,5,1
7/18/2016,Groceries,QUALITY F 8867  07/17 #xxxxx9844 PURCHASE                   QUALITY F xxx7 16  REDMOND       WA,QFC,Bank of America - Bank - Bank of America Core Checking,PAYMENT,Actuals,,Groceries:QFC:PAYMENT,88,0,18,7,5,5,1
7/18/2016,Groceries,SAFEWAY  STORE  07/17 #xxxxx7327 PURCHASE                   SAFEWAY  STORE  0  REDMOND       WA,N/A,Bank of America - Bank - Bank of America Core Checking,PAYMENT,Actuals,Safeway,Groceries:N/A:PAYMENT,84,0,18,7,5,5,1
7/18/2016,Entertainment,Ticketmaster        HOLLYWOOD res2CF6AVC- xxxxxx8924,N/A,American Express Cards - Blue for Business,PAYMENT,Actuals,Ticketmaster,Entertainment:N/A:PAYMENT,61,0,18,7,2,5,1
7/18/2016,Groceries,TRADER JOE'S #  07/16 #xxxxx4693 PURCHASE                   TRADER JOE'S #140  REDMOND       WA,N/A,Bank of America - Bank - Bank of America Core Checking,PAYMENT,Actuals,Trader Joe's,Groceries:N/A:PAYMENT,84,0,18,7,5,5,1
7/18/2016,ATM/Cash Withdrawals,WA TLR cash withdrawal from SAV 4195                        Banking Ctr WOODINVILLE              #00,N/A,Bank of America - Bank - Regular Savings,PAYMENT,Actuals,Cash Withdrawal,ATM/Cash Withdrawals:N/A:PAYMENT,46,0,18,7,7,5,1
7/18/2016,Restaurants/Dining,Withdrawal Visa Debit Card - JERSEY MIKE'S x8022 WOODINVILLE WA Date 07/16/16 x xxxxxxxxxx x 5814 %% Card 15 #7547,N/A,State Department FCU - Bank - BASIC CHECKING,PAYMENT,Actuals,Jersey Mike's Subs,Restaurants/Dining:N/A:PAYMENT,53,0,18,7,20,5,1
7/20/2016,Gasoline/Fuel,CHECKCARD  0719 ARCO#x2983                                  BELLINGHAM   WA xxxxxxxxxxxxxxxxxxx0125,N/A,Bank of America - Bank - Bank of America Core Checking,PAYMENT,Actuals,Arco,Gasoline/Fuel:N/A:PAYMENT,130,0,20,7,5,5,1
7/20/2016,Restaurants/Dining,CHECKCARD  0719 BREWS & BITES CAFE                          VANCOUVER    BC xxxxxxxxxxxxxxxxxxx6281,N/A,Bank of America - Bank - Bank of America Core Checking,PAYMENT,Actuals,,Restaurants/Dining:N/A:PAYMENT,53,0,20,7,5,5,1
7/20/2016,Restaurants/Dining,CHECKCARD  0719 BREWS & BITES CAFE                          VANCOUVER    BC xxxxxxxxxxxxxxxxxxx6281,N/A,Bank of America - Bank - Bank of America Core Checking,PAYMENT,Actuals,,Restaurants/Dining:N/A:PAYMENT,53,0,20,7,5,5,1
7/20/2016,Groceries,COSTCO WHSE #0  07/19 #xxxxx6212 PURCHASE                   COSTCO WHSE #0747  WOODINVILLE   WA,Costco,Bank of America - Bank - Bank of America Core Checking,PAYMENT,Actuals,Costco Wholesale,Groceries:Costco:PAYMENT,47,0,20,7,5,5,1
7/20/2016,Groceries,COSTCO WHSE #0  07/19 #xxxxx8750 PURCHASE                   COSTCO WHSE #0747  WOODINVILLE   WA,Costco,Bank of America - Bank - Bank of America Core Checking,PAYMENT,Actuals,Costco Wholesale,Groceries:Costco:PAYMENT,47,0,20,7,5,5,1
7/21/2016,Business Miscellaneous,CHECKCARD  0719 TA MANAGEMENT                               VANCOUVER    BC xxxxxxxxxxxxxxxxxxx0495,N/A,Bank of America - Bank - Bank of America Core Checking,PAYMENT,Actuals,TA MANAGEMENT,Business Miscellaneous:N/A:PAYMENT,39,0,21,7,5,5,1
7/21/2016,Business Miscellaneous,CHECKCARD  0719 TA MANAGEMENT                               VANCOUVER    BC xxxxxxxxxxxxxxxxxxx0495,N/A,Bank of America - Bank - Bank of America Core Checking,PAYMENT,Actuals,TA MANAGEMENT,Business Miscellaneous:N/A:PAYMENT,39,0,21,7,5,5,1
7/21/2016,Parking,CHECKCARD  0719 WESTPARK                                    VANCOUVER    BC xxxxxxxxxxxxxxxxxxx7719,N/A,Bank of America - Bank - Bank of America Core Checking,PAYMENT,Actuals,Westpark Parking Services,Parking:N/A:PAYMENT,89,0,21,7,5,5,1
7/21/2016,Parking,CHECKCARD  0719 WESTPARK                                    VANCOUVER    BC xxxxxxxxxxxxxxxxxxx7719,N/A,Bank of America - Bank - Bank of America Core Checking,PAYMENT,Actuals,Westpark Parking Services,Parking:N/A:PAYMENT,89,0,21,7,5,5,1
7/22/2016,Credit Card Payments,AMERICAN EXPRESS Bill Payment,AmexBlue,Bank of America - Bank - Business Economy Chk,PAYMENT,Actuals,American Express,Credit Card Payments:AmexBlue:PAYMENT,23,0,22,7,6,5,1
7/22/2016,Utilities,AT&T MOBILITY   Bill Payment,Mobile,Bank of America - Bank - Bank of America Core Checking,PAYMENT,Actuals,AT&T,Utilities:Mobile:PAYMENT,105,0,22,7,5,5,1
7/22/2016,Credit Card Payments,CHASE CREDIT CARDS Bill Payment,ChaseCC,Bank of America - Bank - Bank of America Core Checking,PAYMENT,Actuals,Chase,Credit Card Payments:ChaseCC:PAYMENT,31,0,22,7,5,5,1
7/22/2016,Child/Dependent Expenses,Check 1614 | Johanna Babysitter,,Bank of America - Bank - Bank of America Core Checking,PAYMENT,Actuals,,Child/Dependent Expenses::PAYMENT,0,0,22,7,5,5,1
7/22/2016,Parking,CHECKCARD  0721 SEA SC PARKING #xx0012                      SEATTLE      WA xxxxxxxxxxxxxxxxxxx0051,N/A,Bank of America - Bank - Bank of America Core Checking,PAYMENT,Actuals,,Parking:N/A:PAYMENT,89,0,22,7,5,5,1
7/22/2016,Credit Card Payments,ELECTRONIC PAYMENT RECEIVED-THA,AmexBlue,American Express Cards - Blue for Business,INCOME,Actuals,,Credit Card Payments:AmexBlue:INCOME,80,0,22,7,2,4,1
7/22/2016,Credit Card Payments,Payment Thank You Bill Pa,ChaseCC,Chase - Credit Card - S. ANGULO,INCOME,Actuals,Payment Thank You,Credit Card Payments:ChaseCC:INCOME,148,0,22,7,13,4,1
7/22/2016,Interest,PURCHASE INTEREST CHARGE,ChaseCC,Chase - Credit Card - CREDIT CARD Chase Sandra,PAYMENT,Actuals,Interest,Interest:ChaseCC:PAYMENT,166,0,22,7,12,5,1
7/23/2016,Utilities,TU *TRANSUNION xxx-xxx-3292 CA  xxxxx0211,Transunion,Discover Card - Discover,PAYMENT,Actuals,TransUnion LLC,Utilities:Transunion:PAYMENT,111,0,23,7,16,5,1
7/23/2016,Groceries,Withdrawal #xxxxxxxxxx07 - QUALITY FOOD C 8867 161ST AVE NE REDMOND WA %% Card 15 #7547,QFC,State Department FCU - Bank - BASIC CHECKING,PAYMENT,Actuals,Quality Food Centers,Groceries:QFC:PAYMENT,88,0,23,7,20,5,1
7/23/2016,Restaurants/Dining,Withdrawal Visa Debit Card - CUOCO SEATTLE WA Date 07/21/16 x xxxxxxxxxx x 5812 %% Card 15 #7547,N/A,State Department FCU - Bank - BASIC CHECKING,PAYMENT,Actuals,Cuoco,Restaurants/Dining:N/A:PAYMENT,53,0,23,7,20,5,1
7/23/2016,Clothing/Shoes,Withdrawal Visa Debit Card - JANIE AND JACK 2134 REDMOND WA Date 07/22/16 x xxxxxxxxxx x 5641 %% Card 15 #7547,N/A,State Department FCU - Bank - BASIC CHECKING,PAYMENT,Actuals,Janie and Jack,Clothing/Shoes:N/A:PAYMENT,52,0,23,7,20,5,1
7/23/2016,Entertainment,Withdrawal Visa Debit Card - REGAL CINEMAS BELLA BOTEG REDMOND WA Date 07/22/16 x xxxxxxxxxx x 7832 %% Card 15 #7547,N/A,State Department FCU - Bank - BASIC CHECKING,PAYMENT,Actuals,Regal Cinemas,Entertainment:N/A:PAYMENT,61,0,23,7,20,5,1
7/24/2016,Utilities,DOMAIN NAMES/HOSTINGSCOTTSDALE xxxxxx5643 (480)xxx-2500,N/A,American Express Cards - Blue for Business,PAYMENT,Actuals,,Utilities:N/A:PAYMENT,132,0,24,7,2,5,1
7/24/2016,Restaurants/Dining,MARJORIE RESTAURANT SEATTLE xxxxxxxx    xxx-xxx-3995,N/A,American Express Cards - Business Gold Rewards Card AMEX Business CC,PAYMENT,Actuals,,Restaurants/Dining:N/A:PAYMENT,53,0,24,7,3,5,1
7/24/2016,Utilities,NETFLIX.COM         xxx-xxx-xxx xxxxxxx7880 DVD RENTALS,Netflix,American Express Cards - Blue for Business,PAYMENT,Actuals,Netflix,Utilities:Netflix:PAYMENT,225,0,24,7,2,5,1
7/25/2016,Parking,CHECKCARD  0721 2KEY ARENA    xxxx0305                      SEATTLE      WA xxxxxxxxxxxxxxxxxxx0336,N/A,Bank of America - Bank - Bank of America Core Checking,PAYMENT,Actuals,,Parking:N/A:PAYMENT,89,0,25,7,5,5,1
7/25/2016,Restaurants/Dining,CHECKCARD  0722 HAIKU BUFFET                                REDMOND      WA xxxxxxxxxxxxxxxxxxx4191,N/A,Bank of America - Bank - Bank of America Core Checking,PAYMENT,Actuals,HAIKU,Restaurants/Dining:N/A:PAYMENT,53,0,25,7,5,5,1
7/25/2016,Uncategorized,CHECKCARD  0722 LAREDO'S                                    SEATTLE      WA xxxxxxxxxxxxxxxxxxx3567,N/A,Bank of America - Bank - Bank of America Core Checking,PAYMENT,Actuals,,Uncategorized:N/A:PAYMENT,87,0,25,7,5,5,1
7/25/2016,Entertainment,CHECKCARD  0722 REGAL CINEMAS BELLA BOT                     REDMOND      WA xxxxxxxxxxxxxxxxxxx8581,N/A,Bank of America - Bank - Bank of America Core Checking,PAYMENT,Actuals,Regal Cinemas,Entertainment:N/A:PAYMENT,61,0,25,7,5,5,1
7/25/2016,Restaurants/Dining,CHECKCARD  0723 HOT CAKES MOLTEN CHOCOL                     SEATTLE      WA xxxxxxxxxxxxxxxxxxx4266,N/A,Bank of America - Bank - Bank of America Core Checking,PAYMENT,Actuals,,Restaurants/Dining:N/A:PAYMENT,53,0,25,7,5,5,1
7/25/2016,Restaurants/Dining,CHECKCARD  0723 HOT CAKES MOLTEN CHOCOL                     SEATTLE      WA xxxxxxxxxxxxxxxxxxx5214,N/A,Bank of America - Bank - Bank of America Core Checking,PAYMENT,Actuals,,Restaurants/Dining:N/A:PAYMENT,53,0,25,7,5,5,1
7/25/2016,Entertainment,CHECKCARD  0723 USA*PHOTOBOOTH VEND                         REDMOND      WA xxxxxxxxxxxxxxxxxxx9774,N/A,Bank of America - Bank - Bank of America Core Checking,PAYMENT,Actuals,,Entertainment:N/A:PAYMENT,61,0,25,7,5,5,1
7/25/2016,Parking,CHECKCARD  0724 GOOD2GO REPLENISHMENT                       xxx-xxx-8246 WA xxxxxxxxxxxxxxxxxxx4814,N/A,Bank of America - Bank - Bank of America Core Checking,PAYMENT,Actuals,Good To Go,Parking:N/A:PAYMENT,89,0,25,7,5,5,1
7/25/2016,Utilities,COMCAST CABLE COMMUNICATIONS Bill Payment,Comcast,Bank of America - Bank - Bank of America Core Checking,PAYMENT,Actuals,Comcast,Utilities:Comcast:PAYMENT,50,0,25,7,5,5,1
7/25/2016,Parking,IMP*CALLTOPARK 00000SPOKANE 1xxx0730D28 xxxxxx7276,N/A,American Express Cards - Business Gold Rewards Card AMEX Business CC,PAYMENT,Actuals,CallToPark,Parking:N/A:PAYMENT,89,0,25,7,3,5,1
7/25/2016,Groceries,QUALITY F 8867  07/24 #xxxxx4679 PURCHASE                   QUALITY F xxx7 16  REDMOND       WA,QFC,Bank of America - Bank - Bank of America Core Checking,PAYMENT,Actuals,,Groceries:QFC:PAYMENT,88,0,25,7,5,5,1
7/25/2016,Home Improvement,THE HOME DEPOT  07/25 #xxxxx9487 PURCHASE                   THE HOME DEPOT #4  REDMOND       WA,N/A,Bank of America - Bank - Bank of America Core Checking,PAYMENT,Actuals,Home Depot,Home Improvement:N/A:PAYMENT,107,0,25,7,5,5,1
7/26/2016,Restaurants/Dining,Withdrawal Visa Debit Card - SQ *ACAI AND ESPRESSO LLC Kirkland WA Date 07/26/16 x xxxxxxxxxx x 5814 %% Card 15 #7547,N/A,State Department FCU - Bank - BASIC CHECKING,PAYMENT,Actuals,Espresso,Restaurants/Dining:N/A:PAYMENT,53,0,26,7,20,5,1
7/27/2016,Interest Income,Interest Earned,Interest,Bank of America - Bank - Regular Savings,INCOME,Actuals,Interest,Interest Income:Interest:INCOME,63,0,27,7,7,4,1
7/27/2016,Business Miscellaneous,MICROSOFT           BELLEVUE x3ytg       xxx-xxx-7575,N/A,American Express Cards - Blue for Business,PAYMENT,Actuals,Microsoft,Business Miscellaneous:N/A:PAYMENT,39,0,27,7,2,5,1
7/27/2016,Groceries,PCC REDMOND 11  07/27 #xxxxx7668 PURCHASE                   PCC REDMOND x1435  REDMOND       WA,N/A,Bank of America - Bank - Bank of America Core Checking,PAYMENT,Actuals,,Groceries:N/A:PAYMENT,84,0,27,7,5,5,1
7/27/2016,Business Miscellaneous,TREEHOUSE*TREEHOUSE ORLANDO CVXC4HSG    xxx-xxx-2130,N/A,American Express Cards - Business Gold Rewards Card AMEX Business CC,PAYMENT,Actuals,TreeHouse,Business Miscellaneous:N/A:PAYMENT,39,0,27,7,3,5,1
7/27/2016,Restaurants/Dining,Withdrawal Visa Debit Card - BURGER KING 2440 KIRKLAND WA Date 07/26/16 x xxxxxxxxxx x 5814 %% Card 15 #7547,N/A,State Department FCU - Bank - BASIC CHECKING,PAYMENT,Actuals,Burger King Corporation,Restaurants/Dining:N/A:PAYMENT,53,0,27,7,20,5,1
7/27/2016,Education,Withdrawal Visa Debit Card - SAFESPLASH SWIM SCHOOL xxx-xxx-1885 WA Date 07/25/16 x xxxxxxxxxx x 8299 %% Card 15 #7547,N/A,State Department FCU - Bank - BASIC CHECKING,PAYMENT,Actuals,,Education:N/A:PAYMENT,151,0,27,7,20,5,1
7/28/2016,Transfers,Automatic Transfer from CHK 0403                            Confirmation# xxxxxx5295,N/A,Bank of America - Bank - Regular Savings,INCOME,Actuals,Transfer,Transfers:N/A:INCOME,253,0,28,7,7,4,1
7/28/2016,Transfers,Automatic Transfer to SAV 4195                              Confirmation# xxxxxx5295,N/A,Bank of America - Bank - Bank of America Core Checking,PAYMENT,Actuals,Transfer,Transfers:N/A:PAYMENT,270,0,28,7,5,5,1
7/28/2016,Deposits,BKOFAMERICA MOBILE 07/28 xxxxxx0632 DEPOSIT                                    *MOBILE       FL,N/A,Bank of America - Bank - Regular Savings,INCOME,Actuals,Bank of America,Deposits:N/A:INCOME,257,0,28,7,7,4,1
7/28/2016,Health,CHECKCARD  0727 SUPERCUTS 8022                              REDMOND      WA xxxxxxxxxxxxxxxxxxx2901,N/A,Bank of America - Bank - Bank of America Core Checking,PAYMENT,Actuals,Supercuts,Health:N/A:PAYMENT,0,0,28,7,5,5,1
7/28/2016,Paychecks/Salary,Deposit AMAZON GLOBAL RE - TYPE: DIRECT DEP ID: xxxxxx1101 CO: AMAZON GLOBAL RE %% ACH ECC PPD %% ACH Trace xxxxxxxxxxx0214,SAL-SV,State Department FCU - Bank - BASIC CHECKING,INCOME,Actuals,Deposits,Paychecks/Salary:SAL-SV:INCOME,11,0,28,7,20,4,1
7/28/2016,Reimbursement,FISERV SOLUTIONS DES:CRED/DEBIT ID:                          INDN:Santiago Angulo         CO ID:3391,N/A,Bank of America - Bank - Bank of America Core Checking,INCOME,Actuals,,Reimbursement:N/A:INCOME,15,0,28,7,5,4,1
7/28/2016,Groceries,TARGET T- 1770  07/27 #xxxxx9492 PURCHASE                   TARGET T- x7700 N  Redmond       WA,N/A,Bank of America - Bank - Bank of America Core Checking,PAYMENT,Actuals,Target,Groceries:N/A:PAYMENT,84,0,28,7,5,5,1
7/28/2016,Home Improvement,Withdrawal #xxxxxxxxxx05 - PIER 1 REDMOND WA %% Card 15 #7547,N/A,State Department FCU - Bank - BASIC CHECKING,PAYMENT,Actuals,Pier 1 Imports,Home Improvement:N/A:PAYMENT,107,0,28,7,20,5,1
7/28/2016,Credit Card Payments,Withdrawal Visa Debit Card - LOCAL TERRY AVENUE SEATTLE WA Date 07/27/16 x xxxxxxxxxx x 5812 %% Card 15 #7547,N/A,State Department FCU - Bank - BASIC CHECKING,PAYMENT,Actuals,,Credit Card Payments:N/A:PAYMENT,272,0,28,7,20,5,1
7/28/2016,Credit Card Payments,Withdrawal Visa Debit Card - xx - xx xxxx8042 REDMOND WA Date 07/28/16 x xxxxxxxxxx x 5542 %% Card 15 #7547,N/A,State Department FCU - Bank - BASIC CHECKING,PAYMENT,Actuals,,Credit Card Payments:N/A:PAYMENT,272,0,28,7,20,5,1
7/29/2016,Transfers,BALANCE TRANSFER CHECK 0398 USA  APR 5.99% EXPIRES 02/2018,N/A,Discover Card - Discover,PAYMENT,Actuals,Transfer,Transfers:N/A:PAYMENT,270,0,29,7,16,5,1
7/29/2016,Home Maintenance,Check 1616 |Fabiola Mechel,,Bank of America - Bank - Bank of America Core Checking,PAYMENT,Actuals,,Home Maintenance::PAYMENT,0,0,29,7,5,5,1
7/29/2016,Restaurants/Dining,CHECKCARD  0727 RED ROBIN NO 134                            REDMOND      WA xxxxxxxxxxxxxxxxxxx8931,N/A,Bank of America - Bank - Bank of America Core Checking,PAYMENT,Actuals,Red Robin,Restaurants/Dining:N/A:PAYMENT,53,0,29,7,5,5,1
7/29/2016,Parking,CHECKCARD  0728 GOOD2GO REPLENISHMENT                       xxx-xxx-8246 WA xxxxxxxxxxxxxxxxxxx3974,N/A,Bank of America - Bank - Bank of America Core Checking,PAYMENT,Actuals,Good To Go,Parking:N/A:PAYMENT,89,0,29,7,5,5,1
7/29/2016,Paychecks/Salary,CHECKFREE SERVIC DES:PAYROLL    ID:xxxxxxxxxx0878            INDN:SANTIAGO ANGULO         CO ID:1080,SAL-SA,Bank of America - Bank - Bank of America Core Checking,INCOME,Actuals,,Paychecks/Salary:SAL-SA:INCOME,10,0,29,7,5,4,1
7/29/2016,Service Charges/Fees,Monthly Maintenance Fee,ASOLChecking,Bank of America - Bank - Business Economy Chk,PAYMENT,Actuals,,Service Charges/Fees:ASOLChecking:PAYMENT,121,0,29,7,6,5,1
7/29/2016,Utilities,WASTE MANAGEMENT Bill Payment,Water/Sewer/Trash,Bank of America - Bank - Bank of America Core Checking,PAYMENT,Actuals,Waste management,Utilities:Water/Sewer/Trash:PAYMENT,146,0,29,7,5,5,1
7/29/2016,Groceries,Withdrawal #xxxxxxxxxx98 - QUALITY FOOD C 8867 161ST AVE NE REDMOND WA %% Card 15 #7547,N/A,State Department FCU - Bank - BASIC CHECKING,PAYMENT,Actuals,Quality Food Centers,Groceries:N/A:PAYMENT,84,0,29,7,20,5,1
7/29/2016,Utilities,Withdrawal Visa Debit Card - BA@AMAZON xxxx6746 SEATTLE WA Date 07/28/16 x xxxxxxxxxx x 5812 %% Card 15 #7547,N/A,State Department FCU - Bank - BASIC CHECKING,PAYMENT,Actuals,Amazon.com,Utilities:N/A:PAYMENT,132,0,29,7,20,5,1
7/29/2016,Credit Card Payments,Withdrawal Visa Debit Card - SOCCER SHOTS SEATTLE xxx-xxx9344 WA Date 07/28/16 x xxxxxxxxxx x 7997 %% Card 15 #7547,N/A,State Department FCU - Bank - BASIC CHECKING,PAYMENT,Actuals,,Credit Card Payments:N/A:PAYMENT,272,0,29,7,20,5,1
7/29/2016,Credit Card Payments,Withdrawal Visa Debit Card - SOCCER SHOTS SEATTLE xxx-xxx9344 WA Date 07/28/16 x xxxxxxxxxx x 7997 %% Card 15 #7547,N/A,State Department FCU - Bank - BASIC CHECKING,PAYMENT,Actuals,,Credit Card Payments:N/A:PAYMENT,272,0,29,7,20,5,1
7/30/2016,Business Miscellaneous,OFFICE MAX/OFFICE DEKIRKLAND 8xxxxxx7600RETAIL           xx0522,N/A,American Express Cards - Blue for Business,PAYMENT,Actuals,OfficeMax,Business Miscellaneous:N/A:PAYMENT,39,0,30,7,2,5,1
7/30/2016,Business Miscellaneous,OFFICE MAX/OFFICE DEKIRKLAND 8xxxxxx7900RETAIL           xx0522,N/A,American Express Cards - Blue for Business,PAYMENT,Actuals,OfficeMax,Business Miscellaneous:N/A:PAYMENT,39,0,30,7,2,5,1
7/30/2016,Credit Card Payments,PAYMENT - THANK YOU,BOA-SA,Bank of America - Credit Card - BankAmericard Cash Rewards Visa Signatur SA Personal,INCOME,Actuals,Payment Thank You,Credit Card Payments:BOA-SA:INCOME,186,0,30,7,9,4,1
7/30/2016,Clothing/Shoes,Withdrawal #xxxxxxxxxx15 - WHBM x3228 16417NE 74THST REDMOND WA %% Card 15 #7547,N/A,State Department FCU - Bank - BASIC CHECKING,PAYMENT,Actuals,,Clothing/Shoes:N/A:PAYMENT,52,0,30,7,20,5,1
7/30/2016,Clothing/Shoes,Withdrawal #xxxxxxxxxx92 - Wal-Mart Store 5939 WAL-SAMS BELLEVUE S WA %% Card 15 #7547,N/A,State Department FCU - Bank - BASIC CHECKING,PAYMENT,Actuals,Walmart,Clothing/Shoes:N/A:PAYMENT,52,0,30,7,20,5,1
7/31/2016,Interest Income,Deposit Dividend 0.100% - %% APY Earned 0.10% 07/01/16 to 07/31/16,N/A,State Department FCU - Bank - REGULAR SAVINGS,INCOME,Actuals,Deposit,Interest Income:N/A:INCOME,214,0,31,7,21,4,1
7/31/2016,Groceries,Withdrawal #xxxxxxxxxx02 - QUALITY FOOD C 8867 161ST AVE NE REDMOND WA %% Card 15 #7547,QFC,State Department FCU - Bank - BASIC CHECKING,PAYMENT,Actuals,Quality Food Centers,Groceries:QFC:PAYMENT,88,0,31,7,20,5,1
7/31/2016,Clothing/Shoes,Withdrawal #xxxxxxxxxx38 - MACY'S xxx 7400 166T REDMOND WA %% Card 15 #7547,N/A,State Department FCU - Bank - BASIC CHECKING,PAYMENT,Actuals,Macy's,Clothing/Shoes:N/A:PAYMENT,52,0,31,7,20,5,1
7/31/2016,Groceries,Withdrawal #xxxxxxxxxx51 - TJ TJ MAXX WOODINVILLE WA %% Card 15 #7547,N/A,State Department FCU - Bank - BASIC CHECKING,PAYMENT,Actuals,T.J. Maxx,Groceries:N/A:PAYMENT,84,0,31,7,20,5,1
7/31/2016,Clothing/Shoes,Withdrawal #xxxxxxxxxx56 - GAP US 1716 REDMOND WA %% Card 15 #7547,N/A,State Department FCU - Bank - BASIC CHECKING,PAYMENT,Actuals,Gap Inc,Clothing/Shoes:N/A:PAYMENT,52,0,31,7,20,5,1
7/31/2016,Restaurants/Dining,Withdrawal Visa Debit Card - PANDA EXPRESS #1024 REDMOND WA Date 07/30/16 x xxxxxxxxxx x 5814 %% Card 15 #7547,N/A,State Department FCU - Bank - BASIC CHECKING,PAYMENT,Actuals,Panda Express,Restaurants/Dining:N/A:PAYMENT,53,0,31,7,20,5,1
7/31/2016,Restaurants/Dining,Withdrawal Visa Debit Card - STARBUCKS STORE x3222 REDMOND WA Date 07/31/16 x xxxxxxxxxx x 5814 %% Card 15 #7547,N/A,State Department FCU - Bank - BASIC CHECKING,PAYMENT,Actuals,Starbucks,Restaurants/Dining:N/A:PAYMENT,53,0,31,7,20,5,1
8/1/2016,Business Miscellaneous,AMAZON WEB SERVICES AWS.AMAZON. ESW3ZMZERXZ DIRECT MKTG MISC,AWS,American Express Cards - Blue for Business,INCOME,Actuals,Amazon.com,Business Miscellaneous:AWS:INCOME,100,0,1,8,2,4,1
8/1/2016,Business Miscellaneous,AMAZON WEB SERVICES AWS.AMAZON. YV1EEE7W25I DIRECT MKTG MISC,AWS,American Express Cards - Blue for Business,INCOME,Actuals,Amazon.com,Business Miscellaneous:AWS:INCOME,100,0,1,8,2,4,1
8/1/2016,Clothing/Shoes,ANN TAYLOR #46  07/30 #xxxxx9903 PURCHASE                   ANN TAYLOR #463    REDMOND       WA,N/A,Bank of America - Bank - Bank of America Core Checking,PAYMENT,Actuals,ANN TAYLOR,Clothing/Shoes:N/A:PAYMENT,52,0,1,8,5,5,1
8/1/2016,Credit Card Payments,BANK OF AMERICA - CREDIT CARD Bill Payment,BOA-SA,Bank of America - Bank - Bank of America Core Checking,PAYMENT,Actuals,Bank of America,Credit Card Payments:BOA-SA:PAYMENT,17,0,1,8,5,5,1
8/1/2016,Automotive Expenses,Check 1613| king County Licensing,,Bank of America - Bank - Bank of America Core Checking,PAYMENT,Actuals,,Automotive Expenses::PAYMENT,0,0,1,8,5,5,1
8/1/2016,Business Miscellaneous,Check 2488 | Harvard ,,Bank of America - Bank - Business Economy Chk,PAYMENT,Actuals,,Business Miscellaneous::PAYMENT,0,0,1,8,6,5,1
8/1/2016,Restaurants/Dining,CHECKCARD  0729 FIVE GUYS #WA-1572                          KIRKLAND     WA xxxxxxxxxxxxxxxxxxx5040,N/A,Bank of America - Bank - Bank of America Core Checking,PAYMENT,Actuals,Five Guys Inc.,Restaurants/Dining:N/A:PAYMENT,53,0,1,8,5,5,1
8/1/2016,Restaurants/Dining,CHECKCARD  0729 POTBELLY #271                               REDMOND      WA xxxxxxxxxxxxxxxxxxx6277,N/A,Bank of America - Bank - Bank of America Core Checking,PAYMENT,Actuals,Potbelly,Restaurants/Dining:N/A:PAYMENT,53,0,1,8,5,5,1
8/1/2016,Restaurants/Dining,CHECKCARD  0729 SQ *ACAI AND ESPRESSO L                     Kirkland     WA xxxxxxxxxxxxxxxxxxx6844,N/A,Bank of America - Bank - Bank of America Core Checking,PAYMENT,Actuals,Espresso,Restaurants/Dining:N/A:PAYMENT,53,0,1,8,5,5,1
8/1/2016,Utilities,CITY OF REDMOND WA Bill Payment,SewerTax,Bank of America - Bank - Bank of America Core Checking,PAYMENT,Actuals,,Utilities:SewerTax:PAYMENT,157,0,1,8,5,5,1
8/1/2016,Groceries,COSTCO WHSE #0  07/31 #xxxxx9663 PURCHASE                   COSTCO WHSE #0747  WOODINVILLE   WA,Costco,Bank of America - Bank - Bank of America Core Checking,PAYMENT,Actuals,Costco Wholesale,Groceries:Costco:PAYMENT,47,0,1,8,5,5,1
8/1/2016,Clothing/Shoes,GYMBOREE 379    07/30 #xxxxx6714 PURCHASE                   GYMBOREE 379       REDMOND       WA,N/A,Bank of America - Bank - Bank of America Core Checking,PAYMENT,Actuals,Gymboree,Clothing/Shoes:N/A:PAYMENT,52,0,1,8,5,5,1
8/1/2016,Clothing/Shoes,MACY'S    7400  07/30 #xxxxx0794 PURCHASE                   MACY'S    xxx0 16  REDMOND       WA,N/A,Bank of America - Bank - Bank of America Core Checking,PAYMENT,Actuals,Macy's,Clothing/Shoes:N/A:PAYMENT,52,0,1,8,5,5,1
8/1/2016,Investment Income,"Online Banking Transfer Conf# 15aoewnmt;                    GLOVER, RUSSELL",Cirillo,Bank of America - Bank - Bank of America Core Checking,INCOME,Actuals,Transfer,Investment Income:Cirillo:INCOME,27,0,1,8,5,4,1
8/1/2016,Groceries,QUALITY F 8867  08/01 #xxxxx9765 PURCHASE                   QUALITY F xxx7 16  REDMOND       WA,QFC,Bank of America - Bank - Bank of America Core Checking,PAYMENT,Actuals,,Groceries:QFC:PAYMENT,88,0,1,8,5,5,1
8/1/2016,Groceries,TARGET T- 1395  07/31 #xxxxx1107 PURCHASE                   TARGET T- x3950 N  Woodinville   WA,N/A,Bank of America - Bank - Bank of America Core Checking,PAYMENT,Actuals,Target,Groceries:N/A:PAYMENT,84,0,1,8,5,5,1
8/1/2016,Groceries,TARGET T- 1770  07/31 #xxxxx8722 PURCHASE                   TARGET T- x7700 N  Redmond       WA,N/A,Bank of America - Bank - Bank of America Core Checking,PAYMENT,Actuals,Target,Groceries:N/A:PAYMENT,84,0,1,8,5,5,1
8/1/2016,Entertainment,Withdrawal Visa Debit Card - AMAZON VIDEO ON DEMAND AM xxx-xxx-1072 WA Date 07/31/16 x xxxxxxxxxx x 5735 %% Card 15 #7547,N/A,State Department FCU - Bank - BASIC CHECKING,PAYMENT,Actuals,Amazon.com,Entertainment:N/A:PAYMENT,61,0,1,8,20,5,1
8/1/2016,Entertainment,Withdrawal Visa Debit Card - AMAZON VIDEO ON DEMAND AM xxx-xxx-1072 WA Date 07/31/16 x xxxxxxxxxx x 5735 %% Card 15 #7547,N/A,State Department FCU - Bank - BASIC CHECKING,PAYMENT,Actuals,Amazon.com,Entertainment:N/A:PAYMENT,61,0,1,8,20,5,1
8/1/2016,Entertainment,Withdrawal Visa Debit Card - AMAZON VIDEO ON DEMAND AM xxx-xxx-1072 WA Date 07/31/16 x xxxxxxxxxx x 5735 %% Card 15 #7547,N/A,State Department FCU - Bank - BASIC CHECKING,PAYMENT,Actuals,Amazon.com,Entertainment:N/A:PAYMENT,61,0,1,8,20,5,1
8/1/2016,Healthcare/Medical,Withdrawal Visa Debit Card - MAGIC NAIL SALON REDMOND WA Date 07/29/16 x xxxxxxxxxx x 7230 %% Card 15 #7547,N/A,State Department FCU - Bank - BASIC CHECKING,PAYMENT,Actuals,,Healthcare/Medical:N/A:PAYMENT,91,0,1,8,20,5,1
8/2/2016,Travel,AA AIR TICKET SALE 4DALLAS TX xxxxxxx1739 AA.COM,N/A,American Express Cards - Blue for Business,PAYMENT,Actuals,American Airlines,Travel:N/A:PAYMENT,18,0,2,8,2,5,1
8/2/2016,Travel,AA MISC SALE/ TAX/ FDALLAS TX xxxxxxx9061 AA.COM,N/A,American Express Cards - Blue for Business,PAYMENT,Actuals,American Airlines,Travel:N/A:PAYMENT,18,0,2,8,2,5,1
8/2/2016,Investment Properties,AMTRUST BANK    Bill Payment,Cirillo,Bank of America - Bank - Bank of America Core Checking,PAYMENT,Actuals,,Investment Properties:Cirillo:PAYMENT,102,0,2,8,5,5,1
8/2/2016,ATM/Cash Withdrawals,BKOFAMERICA ATM 08/01 #xxxxx5639 WITHDRWL                   QFC NORTH REDMON   REDMOND       WA,N/A,Bank of America - Bank - Regular Savings,PAYMENT,Actuals,Cash Withdrawal,ATM/Cash Withdrawals:N/A:PAYMENT,46,0,2,8,7,5,1
8/2/2016,ATM/Cash Withdrawals,BKOFAMERICA ATM 08/01 #xxxxx6438 WITHDRWL                   REDMOND            REDMOND       WA,N/A,Bank of America - Bank - Regular Savings,PAYMENT,Actuals,Cash Withdrawal,ATM/Cash Withdrawals:N/A:PAYMENT,46,0,2,8,7,5,1
8/2/2016,Credit Card Payments,CHASE CREDIT CARDS Bill Payment,ChaseCC,Bank of America - Bank - Bank of America Core Checking,PAYMENT,Actuals,Chase,Credit Card Payments:ChaseCC:PAYMENT,31,0,2,8,5,5,1
8/2/2016,Investment Properties,CHASE HOME MORTGAGE Bill Payment,ChaseCC,Bank of America - Bank - Bank of America Core Checking,PAYMENT,Actuals,Chase,Investment Properties:ChaseCC:PAYMENT,271,0,2,8,5,5,1
8/2/2016,Home Improvement,Check 1619| Concrete by Dave,Backyard,Bank of America - Bank - Bank of America Core Checking,PAYMENT,Actuals,,Home Improvement:Backyard:PAYMENT,0,0,2,8,5,5,1
8/2/2016,Restaurants/Dining,CHECKCARD  0801 THE TWISTED CAFE                            WOODINVILLE  WA xxxxxxxxxxxxxxxxxxx3365,N/A,Bank of America - Bank - Bank of America Core Checking,PAYMENT,Actuals,,Restaurants/Dining:N/A:PAYMENT,53,0,2,8,5,5,1
8/2/2016,Home Improvement,HOME DEPOT CREDIT SERVICES Bill Payment,N/A,Bank of America - Bank - Bank of America Core Checking,PAYMENT,Actuals,Home Depot,Home Improvement:N/A:PAYMENT,107,0,2,8,5,5,1
8/2/2016,Interest,INTEREST CHARGE ON BALANCE TRANSFERS,Discover,Discover Card - Discover,PAYMENT,Actuals,Transfer,Interest:Discover:PAYMENT,172,0,2,8,16,5,1
8/2/2016,Interest,INTEREST CHARGE ON BALANCE TRANSFERS,Discover,Discover Card - Discover,PAYMENT,Actuals,Transfer,Interest:Discover:PAYMENT,172,0,2,8,16,5,1
8/2/2016,Interest,INTEREST CHARGE ON BALANCE TRANSFERS,Discover,Discover Card - Discover,PAYMENT,Actuals,Transfer,Interest:Discover:PAYMENT,172,0,2,8,16,5,1
8/2/2016,Interest,INTEREST CHARGE ON PURCHASES,Discover,Discover Card - Discover,PAYMENT,Actuals,Interest,Interest:Discover:PAYMENT,172,0,2,8,16,5,1
8/2/2016,Travel,JETBLUE AIRWAYS 9010JETBLUE NY DZHNVK xxxxxx2583,N/A,American Express Cards - Blue for Business,PAYMENT,Actuals,JetBlue,Travel:N/A:PAYMENT,18,0,2,8,2,5,1
8/2/2016,Travel,JETBLUE AIRWAYS 9010JETBLUE NY DZHNVK xxxxxx2583,N/A,American Express Cards - Blue for Business,PAYMENT,Actuals,JetBlue,Travel:N/A:PAYMENT,18,0,2,8,2,5,1
8/2/2016,Transfers,Online Banking transfer from CHK 0403                       Confirmation# xxxxxx7375,N/A,Bank of America - Bank - Business Economy Chk,INCOME,Actuals,Transfer,Transfers:N/A:INCOME,253,0,2,8,6,4,1
8/2/2016,Transfers,Online Banking transfer from SAV 4195                       Confirmation# xxxxxx2167,N/A,Bank of America - Bank - Business Economy Chk,INCOME,Actuals,Transfer,Transfers:N/A:INCOME,253,0,2,8,6,4,1
8/2/2016,Transfers,Online Banking transfer from SAV 4195                       Confirmation# xxxxxx2699,N/A,Bank of America - Bank - Bank of America Core Checking,INCOME,Actuals,Transfer,Transfers:N/A:INCOME,253,0,2,8,5,4,1
8/2/2016,Transfers,Online Banking transfer to CHK 0403                         Confirmation# xxxxxx2699,N/A,Bank of America - Bank - Regular Savings,PAYMENT,Actuals,Transfer,Transfers:N/A:PAYMENT,270,0,2,8,7,5,1
8/2/2016,Transfers,Online Banking transfer to CHK 4354                         Confirmation# xxxxxx2167,N/A,Bank of America - Bank - Regular Savings,PAYMENT,Actuals,Transfer,Transfers:N/A:PAYMENT,270,0,2,8,7,5,1
8/2/2016,Transfers,Online Banking transfer to CHK 4354                         Confirmation# xxxxxx7375,N/A,Bank of America - Bank - Bank of America Core Checking,PAYMENT,Actuals,Transfer,Transfers:N/A:PAYMENT,270,0,2,8,5,5,1
8/2/2016,Interest,PURCHASE INTEREST CHARGE,ChaseCC,Chase - Credit Card - S. ANGULO,PAYMENT,Actuals,Interest,Interest:ChaseCC:PAYMENT,166,0,2,8,13,5,1
8/2/2016,Groceries,QUALITY F 8867  08/01 #xxxxx8231 PURCHASE                   QUALITY F xxx7 16  REDMOND       WA,QFC,Bank of America - Bank - Bank of America Core Checking,PAYMENT,Actuals,,Groceries:QFC:PAYMENT,88,0,2,8,5,5,1
8/2/2016,Parking,STANDARD PARKING x1870,AmzParking,Chase - Credit Card - CREDIT CARD Chase Sandra,PAYMENT,Actuals,,Parking:AmzParking:PAYMENT,162,0,2,8,12,5,1
8/2/2016,Groceries,TARGET T- 1770  08/01 #xxxxx7977 PURCHASE                   TARGET T- x7700 N  Redmond       WA,N/A,Bank of America - Bank - Bank of America Core Checking,PAYMENT,Actuals,Target,Groceries:N/A:PAYMENT,84,0,2,8,5,5,1
8/2/2016,Home Improvement,THE HOME DEPOT  08/01 #xxxxx2041 PURCHASE                   THE HOME DEPOT #4  REDMOND       WA,N/A,Bank of America - Bank - Bank of America Core Checking,PAYMENT,Actuals,Home Depot,Home Improvement:N/A:PAYMENT,107,0,2,8,5,5,1
8/2/2016,ATM/Cash Withdrawals,Withdrawal at ATM #xxxxxxxxxx59 - FIRST TECH 8862 161ST AVE NE REDMOND WA %% Card 15 #7547,N/A,State Department FCU - Bank - BASIC CHECKING,PAYMENT,Actuals,Cash Withdrawal,ATM/Cash Withdrawals:N/A:PAYMENT,46,0,2,8,20,5,1
8/3/2016,Business Miscellaneous,AMAZON WEB SERVICES AWS.AMAZON. NBWHBH1B0E4 DIRECT MKTG MISC,AWS,American Express Cards - Blue for Business,INCOME,Actuals,Amazon.com,Business Miscellaneous:AWS:INCOME,100,0,3,8,2,4,1
8/3/2016,Business Miscellaneous,AMAZON WEB SERVICES AWS.AMAZON. NBWHDLN03QK WEB SERVICES,AWS,American Express Cards - Blue for Business,PAYMENT,Actuals,Amazon.com,Business Miscellaneous:AWS:PAYMENT,30,0,3,8,2,5,1
8/3/2016,Restaurants/Dining,CHECKCARD  0801 MCDONALD'S M6720 OF WA                      REDMOND      WA xxxxxxxxxxxxxxxxxxx9632,N/A,Bank of America - Bank - Bank of America Core Checking,PAYMENT,Actuals,McDonald's,Restaurants/Dining:N/A:PAYMENT,53,0,3,8,5,5,1
8/3/2016,Home Improvement,CHECKCARD  0802 CEMEX CASH  *SALE                           8x0-99CEMEX  TX xxxxxxxxxxxxxxxxxxx5546,N/A,Bank of America - Bank - Bank of America Core Checking,INCOME,Actuals,,Home Improvement:N/A:INCOME,69,0,3,8,5,4,1
8/3/2016,Home Improvement,CHECKCARD  0802 CEMEX CASH  *SALE                           8x0-99CEMEX  TX xxxxxxxxxxxxxxxxxxx6701,N/A,Bank of America - Bank - Bank of America Core Checking,PAYMENT,Actuals,,Home Improvement:N/A:PAYMENT,107,0,3,8,5,5,1
8/3/2016,Restaurants/Dining,CHILI S SEA 2x8152SEATTLE WA xxxxxxxxx xxx-xxx5611,N/A,American Express Cards - Blue for Business,PAYMENT,Actuals,Chili's,Restaurants/Dining:N/A:PAYMENT,53,0,3,8,2,5,1
8/3/2016,Transfers,Deposit Home Banking Transfer - From Share 0000 SDFCU Online 08/03/2016 19:52 xx6247,N/A,State Department FCU - Bank - BASIC CHECKING,INCOME,Actuals,Deposit,Transfers:N/A:INCOME,253,0,3,8,20,4,1
8/3/2016,Transfers,Deposit Transfer From Share 0000,N/A,State Department FCU - Bank - BASIC CHECKING,INCOME,Actuals,Transfer,Transfers:N/A:INCOME,253,0,3,8,20,4,1
8/3/2016,Mortgages,Withdrawal CENLAR FSB - TYPE: BILL PAYMT ID: Mxxxxx5550 CO: CENLAR FSB %% ACH ECC PPD %% ACH Trace xxxxxxxxxxx5206,Mortgage,State Department FCU - Bank - BASIC CHECKING,PAYMENT,Actuals,,Mortgages:Mortgage:PAYMENT,205,0,3,8,20,5,1
8/3/2016,Transfers,Withdrawal Home Banking - Transfer To Share 0001 SDFCU Online 08/03/2016 19:52 xx6247,N/A,State Department FCU - Bank - REGULAR SAVINGS,PAYMENT,Actuals,Transfer,Transfers:N/A:PAYMENT,270,0,3,8,21,5,1
8/3/2016,Child/Dependent Expenses,Withdrawal NORTHLAKE ACADEM - TYPE: BILL PAYMT ID: Mxxxxx5550 CO: NORTHLAKE ACADEM %% ACH ECC PPD %% ACH Trace xxxxxxxxxxx5222,Julian School,State Department FCU - Bank - BASIC CHECKING,PAYMENT,Actuals,,Child/Dependent Expenses:Julian School:PAYMENT,0,0,3,8,20,5,1
8/3/2016,Transfers,Withdrawal Transfer To Share - 0001,N/A,State Department FCU - Bank - REGULAR SAVINGS,PAYMENT,Actuals,Transfer,Transfers:N/A:PAYMENT,270,0,3,8,21,5,1
8/4/2016,Restaurants/Dining,CHECKCARD  0802 DICKEY'S BBQ PIT -GATE                      DALLAS       TX xxxxxxxxxxxxxxxxxxx9022,N/A,Bank of America - Bank - Bank of America Core Checking,PAYMENT,Actuals,,Restaurants/Dining:N/A:PAYMENT,53,0,4,8,5,5,1
8/4/2016,Groceries,CHECKCARD  0802 FRESHENS #24                                DALLAS       TX xxxxxxxxxxxxxxxxxxx0634,N/A,Bank of America - Bank - Bank of America Core Checking,PAYMENT,Actuals,,Groceries:N/A:PAYMENT,84,0,4,8,5,5,1
8/4/2016,Entertainment,CHECKCARD  0802 WALL STREET NEWS                            DALLAS       TX xxxxxxxxxxxxxxxxxxx8332,N/A,Bank of America - Bank - Bank of America Core Checking,PAYMENT,Actuals,,Entertainment:N/A:PAYMENT,61,0,4,8,5,5,1
8/4/2016,Deposits,State Dept FCU  Bill Payment,N/A,Bank of America - Bank - Bank of America Core Checking,PAYMENT,Actuals,Deposit,Deposits:N/A:PAYMENT,280,0,4,8,5,5,1
8/5/2016,Service Charges/Fees,FOREIGN TRANSACTION FEE,N/A,Chase - Credit Card - S. ANGULO,PAYMENT,Actuals,,Service Charges/Fees:N/A:PAYMENT,79,0,5,8,13,5,1
8/5/2016,Business Miscellaneous,GITHUB GITHUB SAN FRANCISCO CA E63HQ4ZD xxxxxx0224,N/A,American Express Cards - Blue for Business,PAYMENT,Actuals,GitHub,Business Miscellaneous:N/A:PAYMENT,39,0,5,8,2,5,1
8/5/2016,Travel,MOVISTAR,N/A,Chase - Credit Card - S. ANGULO,PAYMENT,Actuals,,Travel:N/A:PAYMENT,18,0,5,8,13,5,1
8/5/2016,Reimbursement,POINTS FOR YOUR CHARGES CREDIT,N/A,American Express Cards - Business Gold Rewards Card AMEX Business CC,INCOME,Actuals,Charge/Fee,Reimbursement:N/A:INCOME,15,0,5,8,3,4,1
8/5/2016,Reimbursement,POINTS FOR YOUR CHARGES CREDIT,N/A,American Express Cards - Business Gold Rewards Card AMEX Business CC,INCOME,Actuals,Charge/Fee,Reimbursement:N/A:INCOME,15,0,5,8,3,4,1
8/5/2016,Reimbursement,POINTS FOR YOUR CHARGES CREDIT,N/A,American Express Cards - Business Gold Rewards Card AMEX Business CC,INCOME,Actuals,Charge/Fee,Reimbursement:N/A:INCOME,15,0,5,8,3,4,1
8/5/2016,Reimbursement,POINTS FOR YOUR CHARGES CREDIT,N/A,American Express Cards - Business Gold Rewards Card AMEX Business CC,INCOME,Actuals,Charge/Fee,Reimbursement:N/A:INCOME,15,0,5,8,3,4,1
8/5/2016,Healthcare/Medical,UNICAT IBAGUE MEDICAL & DENTAL LAB,N/A,American Express Cards - Business Gold Rewards Card AMEX Business CC,PAYMENT,Actuals,,Healthcare/Medical:N/A:PAYMENT,91,0,5,8,3,5,1
8/6/2016,Travel,Travel Med Protect Green Bay WI TMxxx3366 x-xxx-xxx-2900,TravelInsurance,American Express Cards - Business Gold Rewards Card AMEX Business CC,PAYMENT,Actuals,,Travel:TravelInsurance:PAYMENT,122,0,6,8,3,5,1
8/7/2016,Pets/Pet Care,BANFIELD WELLNESS PLANS,Floppy,Chase - Credit Card - CREDIT CARD Chase Sandra,PAYMENT,Actuals,Banfield,Pets/Pet Care:Floppy:PAYMENT,103,0,7,8,12,5,1
8/7/2016,Service Charges/Fees,FOREIGN TRANSACTION FEE,N/A,Chase - Credit Card - CREDIT CARD Chase Sandra,PAYMENT,Actuals,,Service Charges/Fees:N/A:PAYMENT,79,0,7,8,12,5,1
8/7/2016,Child/Dependent Expenses,GIMNASIO PSICOPEDAGOG0,N/A,Chase - Credit Card - CREDIT CARD Chase Sandra,PAYMENT,Actuals,,Child/Dependent Expenses:N/A:PAYMENT,57,0,7,8,12,5,1
8/8/2016,Business Miscellaneous,JDI*JUSTCLOUD-CC.COMxxx-xxx-548 xxxxx-xxxxx xxx-xxx-5483,JDI,American Express Cards - Business Gold Rewards Card AMEX Business CC,PAYMENT,Actuals,JustCloud.Com,Business Miscellaneous:JDI:PAYMENT,0,0,8,8,3,5,1
8/8/2016,Business Miscellaneous,JDI*JUSTCLOUD-CC.COMxxx-xxx-548 xxxxx-xxxxx xxx-xxx-5483,JDI,American Express Cards - Business Gold Rewards Card AMEX Business CC,PAYMENT,Actuals,JustCloud.Com,Business Miscellaneous:JDI:PAYMENT,0,0,8,8,3,5,1
8/8/2016,Business Miscellaneous,JDI*JUSTCLOUD-CC.COMxxx-xxx-548 xxxxx-xxxxx xxx-xxx-5483,JDI,American Express Cards - Business Gold Rewards Card AMEX Business CC,PAYMENT,Actuals,JustCloud.Com,Business Miscellaneous:JDI:PAYMENT,0,0,8,8,3,5,1
8/8/2016,Utilities,PSE - PUGET SOUND ENERGY Bill Payment,PSE-Energy,Bank of America - Bank - Bank of America Core Checking,PAYMENT,Actuals,Puget Sound Energy,Utilities:PSE-Energy:PAYMENT,68,0,8,8,5,5,1
8/8/2016,Entertainment,x0131 Sawgrass  08/08 #xxxxx4211 PURCHASE                   x0131 Sawgrass Fa  Sunrise       FL,N/A,Bank of America - Bank - Bank of America Core Checking,PAYMENT,Actuals,,Entertainment:N/A:PAYMENT,61,0,8,8,5,5,1
8/9/2016,Entertainment,CHECKCARD  0808 HBOOKSELLER ST828                           FT LAUDERDALEFL xxxxxxxxxxxxxxxxxxx1528,N/A,Bank of America - Bank - Bank of America Core Checking,PAYMENT,Actuals,,Entertainment:N/A:PAYMENT,61,0,9,8,5,5,1
8/9/2016,Business Miscellaneous,INTUIT *QB ONLINE xxx-xxx-6800 IGS_xxx2032 SOFTWARE,QB,American Express Cards - Blue for Business,PAYMENT,Actuals,Intuit,Business Miscellaneous:QB:PAYMENT,220,0,9,8,2,5,1
8/9/2016,Travel,VTS BROWARD AIRPORT HOLLYWOOD FL xxxxxxx9137 TAXICAB & LIMOUSINE,N/A,American Express Cards - Blue for Business,PAYMENT,Actuals,Limousine.com,Travel:N/A:PAYMENT,18,0,9,8,2,5,1
8/10/2016,Service Charges/Fees,BANCOLOMBIA     08/09 #xxxxx7066 BAL INQ                    AV5#xx-100                      FEE,N/A,Bank of America - Bank - Regular Savings,PAYMENT,Actuals,,Service Charges/Fees:N/A:PAYMENT,79,0,10,8,7,5,1
8/10/2016,Service Charges/Fees,BANCOLOMBIA     08/09 #xxxxx7123 WITHDRWL                   AV5#xx-100         IBAGUE07,N/A,Bank of America - Bank - Regular Savings,PAYMENT,Actuals,Cash Withdrawal,Service Charges/Fees:N/A:PAYMENT,79,0,10,8,7,5,1
8/10/2016,ATM/Cash Withdrawals,BANCOLOMBIA     08/09 #xxxxx7123 WITHDRWL                   AV5#xx-100         IBAGUE07,N/A,Bank of America - Bank - Regular Savings,PAYMENT,Actuals,Cash Withdrawal,ATM/Cash Withdrawals:N/A:PAYMENT,46,0,10,8,7,5,1
8/10/2016,Service Charges/Fees,BANCOLOMBIA     08/09 #xxxxx7123 WITHDRWL                   AV5#xx-100         IBAGUE07           FE,N/A,Bank of America - Bank - Regular Savings,PAYMENT,Actuals,Cash Withdrawal,Service Charges/Fees:N/A:PAYMENT,79,0,10,8,7,5,1
8/10/2016,Home Maintenance,Check 1617 | Fabiola Mechel,,Bank of America - Bank - Bank of America Core Checking,PAYMENT,Actuals,,Home Maintenance::PAYMENT,0,0,10,8,5,5,1
8/10/2016,Restaurants/Dining,CHECKCARD  0808 POLLO TROPICAL x0035                        FORT LAUDERDAFL xxxxxxxxxxxxxxxxxxx3146,N/A,Bank of America - Bank - Bank of America Core Checking,PAYMENT,Actuals,Pollo Tropical,Restaurants/Dining:N/A:PAYMENT,53,0,10,8,5,5,1
8/10/2016,Interest,INTEREST CHARGED ON PURCHASES,BOA-SA,Bank of America - Credit Card - BankAmericard Cash Rewards Visa Signatur SA Personal,PAYMENT,Actuals,Interest,Interest:BOA-SA:PAYMENT,141,0,10,8,9,5,1
8/10/2016,Travel,JETBLUE AIRWAYS 4100FOREST HILL DZHNVK xxxxxx2583,N/A,American Express Cards - Blue for Business,INCOME,Actuals,JetBlue,Travel:N/A:INCOME,154,0,10,8,2,4,1
8/11/2016,Service Charges/Fees,CHECKCARD  0808 ECO TUTTO                                   xxx0100 IBAGU   xxxxxxxxxxxxxxxxxxx7954,N/A,Bank of America - Bank - Bank of America Core Checking,PAYMENT,Actuals,,Service Charges/Fees:N/A:PAYMENT,79,0,11,8,5,5,1
8/11/2016,Entertainment,CHECKCARD  0808 ECO TUTTO                                   xxx0100 IBAGU   xxxxxxxxxxxxxxxxxxx7954,N/A,Bank of America - Bank - Bank of America Core Checking,PAYMENT,Actuals,,Entertainment:N/A:PAYMENT,61,0,11,8,5,5,1
8/11/2016,Service Charges/Fees,CHECKCARD  0808 PORK CHOP                                   xxx0100 IBAGU   xxxxxxxxxxxxxxxxxxx7947,N/A,Bank of America - Bank - Bank of America Core Checking,PAYMENT,Actuals,,Service Charges/Fees:N/A:PAYMENT,79,0,11,8,5,5,1
8/11/2016,Entertainment,CHECKCARD  0808 PORK CHOP                                   xxx0100 IBAGU   xxxxxxxxxxxxxxxxxxx7947,N/A,Bank of America - Bank - Bank of America Core Checking,PAYMENT,Actuals,,Entertainment:N/A:PAYMENT,61,0,11,8,5,5,1
8/11/2016,Home Improvement,CHECKCARD  0809 HOMECENTER                                  xxx0100 IBAGU   xxxxxxxxxxxxxxxxxxx7900,N/A,Bank of America - Bank - Bank of America Core Checking,PAYMENT,Actuals,,Home Improvement:N/A:PAYMENT,107,0,11,8,5,5,1
8/11/2016,Home Improvement,CHECKCARD  0809 HOMECENTER                                  xxx0100 IBAGU   xxxxxxxxxxxxxxxxxxx7900,N/A,Bank of America - Bank - Bank of America Core Checking,PAYMENT,Actuals,,Home Improvement:N/A:PAYMENT,107,0,11,8,5,5,1
8/12/2016,Service Charges/Fees,BANCOLOMBIA     08/12 #xxxxx5965 WITHDRWL                   CRA16SUR#96-4      IBAGUE73,N/A,Bank of America - Bank - Regular Savings,PAYMENT,Actuals,Cash Withdrawal,Service Charges/Fees:N/A:PAYMENT,79,0,12,8,7,5,1
8/12/2016,ATM/Cash Withdrawals,BANCOLOMBIA     08/12 #xxxxx5965 WITHDRWL                   CRA16SUR#96-4      IBAGUE73,N/A,Bank of America - Bank - Regular Savings,PAYMENT,Actuals,Cash Withdrawal,ATM/Cash Withdrawals:N/A:PAYMENT,46,0,12,8,7,5,1
8/12/2016,Service Charges/Fees,BANCOLOMBIA     08/12 #xxxxx5965 WITHDRWL                   CRA16SUR#96-4      IBAGUE73           FE,N/A,Bank of America - Bank - Regular Savings,PAYMENT,Actuals,Cash Withdrawal,Service Charges/Fees:N/A:PAYMENT,79,0,12,8,7,5,1
8/12/2016,Service Charges/Fees,BANCOLOMBIA     08/12 #xxxxx6085 WITHDRWL                   CRA16SUR#96-4      IBAGUE73,N/A,Bank of America - Bank - Regular Savings,PAYMENT,Actuals,Cash Withdrawal,Service Charges/Fees:N/A:PAYMENT,79,0,12,8,7,5,1
8/12/2016,ATM/Cash Withdrawals,BANCOLOMBIA     08/12 #xxxxx6085 WITHDRWL                   CRA16SUR#96-4      IBAGUE73,N/A,Bank of America - Bank - Regular Savings,PAYMENT,Actuals,Cash Withdrawal,ATM/Cash Withdrawals:N/A:PAYMENT,46,0,12,8,7,5,1
8/12/2016,Service Charges/Fees,BANCOLOMBIA     08/12 #xxxxx6085 WITHDRWL                   CRA16SUR#96-4      IBAGUE73           FE,N/A,Bank of America - Bank - Regular Savings,PAYMENT,Actuals,Cash Withdrawal,Service Charges/Fees:N/A:PAYMENT,79,0,12,8,7,5,1
8/12/2016,Interest,PURCHASE FINANCE CHARGE,AmexBlue,American Express Cards - Blue for Business,PAYMENT,Actuals,Charge/Fee,Interest:AmexBlue:PAYMENT,92,0,12,8,2,5,1
8/12/2016,Groceries,TARGET T- 1280  08/11 #xxxxx8477 PURCHASE                   TARGET T- x2801 W  Sunrise       FL,N/A,Bank of America - Bank - Bank of America Core Checking,PAYMENT,Actuals,Target,Groceries:N/A:PAYMENT,84,0,12,8,5,5,1
8/12/2016,Groceries,x0131 Sawgrass  08/11 #xxxxx4841 PURCHASE                   x0131 Sawgrass Fa  Sunrise       FL,N/A,Bank of America - Bank - Bank of America Core Checking,PAYMENT,Actuals,,Groceries:N/A:PAYMENT,84,0,12,8,5,5,1
8/12/2016,Groceries,x0131 Sawgrass  08/12 #xxxxx7731 PURCHASE                   x0131 Sawgrass Fa  Sunrise       FL,N/A,Bank of America - Bank - Bank of America Core Checking,PAYMENT,Actuals,,Groceries:N/A:PAYMENT,84,0,12,8,5,5,1
8/14/2016,Travel,AA REFUND xxx0739 DALLAS TX xxxxxxx1739 AIRLINE/AIR CARRIER,N/A,American Express Cards - Blue for Business,INCOME,Actuals,,Travel:N/A:INCOME,154,0,14,8,2,4,1
8/15/2016,Credit Card Payments,AMERICAN EXPRESS Bill Payment,AmexGold,Bank of America - Bank - Business Economy Chk,PAYMENT,Actuals,American Express,Credit Card Payments:AmexGold:PAYMENT,28,0,15,8,6,5,1
8/15/2016,Service Charges/Fees,BANCOLOMBIA     08/14 #xxxxx3549 WITHDRWL                   CL53SUR#x3-02      VILLAV50,N/A,Bank of America - Bank - Bank of America Core Checking,PAYMENT,Actuals,Cash Withdrawal,Service Charges/Fees:N/A:PAYMENT,79,0,15,8,5,5,1
8/15/2016,ATM/Cash Withdrawals,BANCOLOMBIA     08/14 #xxxxx3549 WITHDRWL                   CL53SUR#x3-02      VILLAV50,N/A,Bank of America - Bank - Bank of America Core Checking,PAYMENT,Actuals,Cash Withdrawal,ATM/Cash Withdrawals:N/A:PAYMENT,46,0,15,8,5,5,1
8/15/2016,Service Charges/Fees,BANCOLOMBIA     08/14 #xxxxx3549 WITHDRWL                   CL53SUR#x3-02      VILLAV50           FE,N/A,Bank of America - Bank - Bank of America Core Checking,PAYMENT,Actuals,Cash Withdrawal,Service Charges/Fees:N/A:PAYMENT,79,0,15,8,5,5,1
8/15/2016,Credit Card Payments,CHASE CREDIT CARDS Bill Payment,ChaseCC,Bank of America - Bank - Bank of America Core Checking,PAYMENT,Actuals,Chase,Credit Card Payments:ChaseCC:PAYMENT,31,0,15,8,5,5,1
8/15/2016,Groceries,CHECKCARD  0812 I TALK SAWGRASS 2                           SUNRISE      FL xxxxxxxxxxxxxxxxxxx6536,N/A,Bank of America - Bank - Bank of America Core Checking,PAYMENT,Actuals,,Groceries:N/A:PAYMENT,84,0,15,8,5,5,1
8/15/2016,Groceries,CHECKCARD  0812 SUPERMERCADO MERCACENT                      xxx0100 IBAGU   xxxxxxxxxxxxxxxxxxx0495,N/A,Bank of America - Bank - Bank of America Core Checking,PAYMENT,Actuals,Supermercado,Groceries:N/A:PAYMENT,84,0,15,8,5,5,1
8/15/2016,Groceries,CHECKCARD  0812 SUPERMERCADO MERCACENT                      xxx0100 IBAGU   xxxxxxxxxxxxxxxxxxx0495,N/A,Bank of America - Bank - Bank of America Core Checking,PAYMENT,Actuals,Supermercado,Groceries:N/A:PAYMENT,84,0,15,8,5,5,1
8/15/2016,Entertainment,CHECKCARD  0812 THE LEGO STORE                              SUNRISE      FL xxxxxxxxxxxxxxxxxxx8260,N/A,Bank of America - Bank - Bank of America Core Checking,PAYMENT,Actuals,LEGO,Entertainment:N/A:PAYMENT,61,0,15,8,5,5,1
8/15/2016,Groceries,CHECKCARD  0813 SUPERTIENDA OLIMPICA x                      xxx0100 IBAGU   xxxxxxxxxxxxxxxxxxx0057,N/A,Bank of America - Bank - Bank of America Core Checking,PAYMENT,Actuals,,Groceries:N/A:PAYMENT,84,0,15,8,5,5,1
8/15/2016,Groceries,CHECKCARD  0813 SUPERTIENDA OLIMPICA x                      xxx0100 IBAGU   xxxxxxxxxxxxxxxxxxx0057,N/A,Bank of America - Bank - Bank of America Core Checking,PAYMENT,Actuals,,Groceries:N/A:PAYMENT,84,0,15,8,5,5,1
8/15/2016,Paychecks/Salary,CHECKFREE SERVIC DES:PAYROLL    ID:xxxxxxxxxx0878            INDN:SANTIAGO ANGULO         CO ID:1080,SAL-SA,Bank of America - Bank - Bank of America Core Checking,INCOME,Actuals,,Paychecks/Salary:SAL-SA:INCOME,10,0,15,8,5,4,1
8/15/2016,Reimbursement,Deposit AMAZON.COMxxxx42 - TYPE: Misc. Paym ID: xxxxxx8319 CO: AMAZON.COMxx6342 %% ACH ECC CCD %% ACH Trace xxxxxxxxxxx8942,N/A,State Department FCU - Bank - BASIC CHECKING,INCOME,Actuals,Amazon.com,Reimbursement:N/A:INCOME,15,0,15,8,20,4,1
8/15/2016,Credit Card Payments,ELECTRONIC PAYMENT RECEIVED-THA,AmexGold,American Express Cards - Business Gold Rewards Card AMEX Business CC,INCOME,Actuals,,Credit Card Payments:AmexGold:INCOME,51,0,15,8,3,4,1
8/15/2016,Julian 529,Future Scholar  Bill Payment,N/A,Bank of America - Bank - Bank of America Core Checking,PAYMENT,Actuals,,Julian 529:N/A:PAYMENT,183,0,15,8,5,5,1
8/15/2016,Insurance,METLIFE P C      DES:INS PAYMNT ID:xxxxx1703                 INDN:ANGULO SANTIAGO         CO ID:2132,CarInsurance,Bank of America - Bank - Bank of America Core Checking,PAYMENT,Actuals,MetLife,Insurance:CarInsurance:PAYMENT,182,0,15,8,5,5,1
8/15/2016,Credit Card Payments,Payment Thank You Bill Pa,ChaseCC,Chase - Credit Card - CREDIT CARD Chase Sandra,INCOME,Actuals,Payment Thank You,Credit Card Payments:ChaseCC:INCOME,148,0,15,8,12,4,1
8/15/2016,Credit Card Payments,State department FCU Credit Card Bill Payment,SDFCU-CC,Bank of America - Bank - Bank of America Core Checking,PAYMENT,Actuals,,Credit Card Payments:SDFCU-CC:PAYMENT,190,0,15,8,5,5,1
8/16/2016,Automotive Expenses,BECU            Bill Payment,BMW,Bank of America - Bank - Bank of America Core Checking,PAYMENT,Actuals,,Automotive Expenses:BMW:PAYMENT,126,0,16,8,5,5,1
8/16/2016,Entertainment,CHECKCARD  0814 PANAMERICANA LIBRER Y                       xxx0100 IBAGU   xxxxxxxxxxxxxxxxxxx7417,N/A,Bank of America - Bank - Bank of America Core Checking,PAYMENT,Actuals,,Entertainment:N/A:PAYMENT,61,0,16,8,5,5,1
8/16/2016,Entertainment,CHECKCARD  0814 PANAMERICANA LIBRER Y                       xxx0100 IBAGU   xxxxxxxxxxxxxxxxxxx7417,N/A,Bank of America - Bank - Bank of America Core Checking,PAYMENT,Actuals,,Entertainment:N/A:PAYMENT,61,0,16,8,5,5,1
8/16/2016,Business Miscellaneous,FOTOLIA - 95IGDOFNYXxxx-xxx-229 95IGDOFNYXR95IGDOFNYXRZ xx0364,N/A,American Express Cards - Blue for Business,PAYMENT,Actuals,,Business Miscellaneous:N/A:PAYMENT,39,0,16,8,2,5,1
8/16/2016,Service Charges/Fees,IBAGUE          08/16 #xxxxx5478 WITHDRWL                   IBAGUE - COLOMBIA  IBAGUE,N/A,Bank of America - Bank - Bank of America Core Checking,PAYMENT,Actuals,Cash Withdrawal,Service Charges/Fees:N/A:PAYMENT,79,0,16,8,5,5,1
8/16/2016,ATM/Cash Withdrawals,IBAGUE          08/16 #xxxxx5478 WITHDRWL                   IBAGUE - COLOMBIA  IBAGUE,N/A,Bank of America - Bank - Bank of America Core Checking,PAYMENT,Actuals,Cash Withdrawal,ATM/Cash Withdrawals:N/A:PAYMENT,46,0,16,8,5,5,1
8/16/2016,Service Charges/Fees,IBAGUE          08/16 #xxxxx5478 WITHDRWL                   IBAGUE - COLOMBIA  IBAGUE             FE,N/A,Bank of America - Bank - Bank of America Core Checking,PAYMENT,Actuals,Cash Withdrawal,Service Charges/Fees:N/A:PAYMENT,79,0,16,8,5,5,1
8/16/2016,Healthcare/Medical,LA FITNESS,Gym,Chase - Credit Card - CREDIT CARD Chase Sandra,PAYMENT,Actuals,LA Fitness,Healthcare/Medical:Gym:PAYMENT,128,0,16,8,12,5,1
8/16/2016,Healthcare/Medical,LA FITNESS,Gym,Chase - Credit Card - CREDIT CARD Chase Sandra,PAYMENT,Actuals,LA Fitness,Healthcare/Medical:Gym:PAYMENT,128,0,16,8,12,5,1
8/17/2016,Entertainment,CHECKCARD  0815 CLUB CAMPESTRE DE IBAG                      xxx0100 IBAGU   xxxxxxxxxxxxxxxxxxx9436,N/A,Bank of America - Bank - Bank of America Core Checking,PAYMENT,Actuals,,Entertainment:N/A:PAYMENT,61,0,17,8,5,5,1
8/17/2016,Entertainment,CHECKCARD  0815 CLUB CAMPESTRE DE IBAG                      xxx0100 IBAGU   xxxxxxxxxxxxxxxxxxx9436,N/A,Bank of America - Bank - Bank of America Core Checking,PAYMENT,Actuals,,Entertainment:N/A:PAYMENT,61,0,17,8,5,5,1
8/18/2016,Restaurants/Dining,CHECKCARD  0816 LA BRASA ROJA                               xxx0100 IBAGU   xxxxxxxxxxxxxxxxxxx3243,N/A,Bank of America - Bank - Bank of America Core Checking,PAYMENT,Actuals,La Brasa,Restaurants/Dining:N/A:PAYMENT,53,0,18,8,5,5,1
8/18/2016,Restaurants/Dining,CHECKCARD  0816 LA BRASA ROJA                               xxx0100 IBAGU   xxxxxxxxxxxxxxxxxxx3243,N/A,Bank of America - Bank - Bank of America Core Checking,PAYMENT,Actuals,La Brasa,Restaurants/Dining:N/A:PAYMENT,53,0,18,8,5,5,1
8/18/2016,Entertainment,CHECKCARD  0816 MULTIPLEX CINE COL LA                       xxx0100 IBAGU   xxxxxxxxxxxxxxxxxxx6401,N/A,Bank of America - Bank - Bank of America Core Checking,PAYMENT,Actuals,Multiplex,Entertainment:N/A:PAYMENT,61,0,18,8,5,5,1
8/18/2016,Entertainment,CHECKCARD  0816 MULTIPLEX CINE COL LA                       xxx0100 IBAGU   xxxxxxxxxxxxxxxxxxx6401,N/A,Bank of America - Bank - Bank of America Core Checking,PAYMENT,Actuals,Multiplex,Entertainment:N/A:PAYMENT,61,0,18,8,5,5,1
8/18/2016,Groceries,CHECKCARD  0816 SUPERTIENDA OLIMPICA 0                      73001IBAGUE     xxxxxxxxxxxxxxxxxxx6325,N/A,Bank of America - Bank - Bank of America Core Checking,PAYMENT,Actuals,,Groceries:N/A:PAYMENT,84,0,18,8,5,5,1
8/18/2016,Groceries,CHECKCARD  0816 SUPERTIENDA OLIMPICA 0                      73001IBAGUE     xxxxxxxxxxxxxxxxxxx6325,N/A,Bank of America - Bank - Bank of America Core Checking,PAYMENT,Actuals,,Groceries:N/A:PAYMENT,84,0,18,8,5,5,1
8/18/2016,Reimbursement,Deposit AMAZON GLOBAL RE - TYPE: DIRECT DEP ID: xxxxxx1101 CO: AMAZON GLOBAL RE %% ACH ECC PPD %% ACH Trace xxxxxxxxxxx9953,N/A,State Department FCU - Bank - BASIC CHECKING,INCOME,Actuals,Deposits,Reimbursement:N/A:INCOME,15,0,18,8,20,4,1
8/18/2016,Gift,TRANSFER SANTIAGO A ANGULO:Luis Angulo                      Confirmation# xxxxxx4062,N/A,Bank of America - Bank - Bank of America Core Checking,PAYMENT,Actuals,Transfer,Gift:N/A:PAYMENT,0,0,18,8,5,5,1
8/18/2016,Healthcare/Medical,UNICAT IBAGUE MEDICAL & DENTAL LAB,N/A,American Express Cards - Business Gold Rewards Card AMEX Business CC,PAYMENT,Actuals,,Healthcare/Medical:N/A:PAYMENT,91,0,18,8,3,5,1
8/18/2016,Business Miscellaneous,Xoom.com         DES:DEBIT O    ID:xxxxxxxxxxx9747           INDN:ANGULO SANTIAGO         CO ID:1943,N/A,Bank of America - Bank - Business Economy Chk,PAYMENT,Actuals,Xoom Corporation,Business Miscellaneous:N/A:PAYMENT,39,0,18,8,6,5,1
8/19/2016,Credit Card Payments,AMERICAN EXPRESS Bill Payment,AmexBlue,Bank of America - Bank - Business Economy Chk,PAYMENT,Actuals,American Express,Credit Card Payments:AmexBlue:PAYMENT,23,0,19,8,6,5,1
8/19/2016,Entertainment,CHECKCARD  0817 CLUB CAMPESTRE DE IBAG                      xxx0100 IBAGU   xxxxxxxxxxxxxxxxxxx3505,N/A,Bank of America - Bank - Bank of America Core Checking,PAYMENT,Actuals,,Entertainment:N/A:PAYMENT,61,0,19,8,5,5,1
8/19/2016,Entertainment,CHECKCARD  0817 CLUB CAMPESTRE DE IBAG                      xxx0100 IBAGU   xxxxxxxxxxxxxxxxxxx3505,N/A,Bank of America - Bank - Bank of America Core Checking,PAYMENT,Actuals,,Entertainment:N/A:PAYMENT,61,0,19,8,5,5,1
8/19/2016,Gasoline/Fuel,CHECKCARD  0817 PRESTO PIEDRA PINTADA0                      73001IBAGUE     xxxxxxxxxxxxxxxxxxx2826,N/A,Bank of America - Bank - Bank of America Core Checking,PAYMENT,Actuals,,Gasoline/Fuel:N/A:PAYMENT,130,0,19,8,5,5,1
8/19/2016,Restaurants/Dining,CHECKCARD  0817 PRESTO PIEDRA PINTADA0                      73001IBAGUE     xxxxxxxxxxxxxxxxxxx2826,N/A,Bank of America - Bank - Bank of America Core Checking,PAYMENT,Actuals,,Restaurants/Dining:N/A:PAYMENT,53,0,19,8,5,5,1
8/19/2016,Home Improvement,CHECKCARD  0818 CEMEX CASH  *SALE                           8x0-99CEMEX  TX xxxxxxxxxxxxxxxxxxx3916,N/A,Bank of America - Bank - Bank of America Core Checking,PAYMENT,Actuals,,Home Improvement:N/A:PAYMENT,107,0,19,8,5,5,1
8/19/2016,Credit Card Payments,DISCOVER CARD   Bill Payment,Discover,Bank of America - Bank - Bank of America Core Checking,PAYMENT,Actuals,,Credit Card Payments:Discover:PAYMENT,42,0,19,8,5,5,1
8/19/2016,Credit Card Payments,ELECTRONIC PAYMENT RECEIVED-THA,AmexBlue,American Express Cards - Blue for Business,INCOME,Actuals,,Credit Card Payments:AmexBlue:INCOME,80,0,19,8,2,4,1
8/19/2016,Service Charges/Fees,External transfer fee - 3 Day -    08/18/2016               Confirmation: xxxxx8472,N/A,Bank of America - Bank - Bank of America Core Checking,PAYMENT,Actuals,Transfer,Service Charges/Fees:N/A:PAYMENT,79,0,19,8,5,5,1
8/19/2016,Home Improvement,HOMECENTER IBAGUE DEPARTMENT STORE,N/A,American Express Cards - Business Gold Rewards Card AMEX Business CC,PAYMENT,Actuals,,Home Improvement:N/A:PAYMENT,107,0,19,8,3,5,1
8/19/2016,Home Improvement,HOMECENTER IBAGUE DEPARTMENT STORE,N/A,American Express Cards - Business Gold Rewards Card AMEX Business CC,PAYMENT,Actuals,,Home Improvement:N/A:PAYMENT,107,0,19,8,3,5,1
8/19/2016,Credit Card Payments,PAYMENT - THANK YOU,Discover,Discover Card - Discover,INCOME,Actuals,Payment Thank You,Credit Card Payments:Discover:INCOME,191,0,19,8,16,4,1
8/19/2016,Business Miscellaneous,UPWORK**Exxxx6146 MOUNTAIN VIEW Txxxx6146 Txxxx6146 x4043,N/A,American Express Cards - Blue for Business,PAYMENT,Actuals,,Business Miscellaneous:N/A:PAYMENT,39,0,19,8,2,5,1
8/22/2016,Service Charges/Fees,BANCOLOMBIA     08/20 #xxxxx8760 WITHDRWL                   CRA16SURx6-48      IBAGUE73,N/A,Bank of America - Bank - Bank of America Core Checking,PAYMENT,Actuals,Cash Withdrawal,Service Charges/Fees:N/A:PAYMENT,79,0,22,8,5,5,1
8/22/2016,ATM/Cash Withdrawals,BANCOLOMBIA     08/20 #xxxxx8760 WITHDRWL                   CRA16SURx6-48      IBAGUE73,N/A,Bank of America - Bank - Bank of America Core Checking,PAYMENT,Actuals,Cash Withdrawal,ATM/Cash Withdrawals:N/A:PAYMENT,46,0,22,8,5,5,1
8/22/2016,Service Charges/Fees,BANCOLOMBIA     08/20 #xxxxx8760 WITHDRWL                   CRA16SURx6-48      IBAGUE73           FE,N/A,Bank of America - Bank - Bank of America Core Checking,PAYMENT,Actuals,Cash Withdrawal,Service Charges/Fees:N/A:PAYMENT,79,0,22,8,5,5,1
8/22/2016,Service Charges/Fees,BANCOLOMBIA     08/22 #xxxxx4821 WITHDRWL                   AV5TAC64L214       IBAGUE73,N/A,Bank of America - Bank - Bank of America Core Checking,PAYMENT,Actuals,Cash Withdrawal,Service Charges/Fees:N/A:PAYMENT,79,0,22,8,5,5,1
8/22/2016,ATM/Cash Withdrawals,BANCOLOMBIA     08/22 #xxxxx4821 WITHDRWL                   AV5TAC64L214       IBAGUE73,N/A,Bank of America - Bank - Bank of America Core Checking,PAYMENT,Actuals,Cash Withdrawal,ATM/Cash Withdrawals:N/A:PAYMENT,46,0,22,8,5,5,1
8/22/2016,Service Charges/Fees,BANCOLOMBIA     08/22 #xxxxx4821 WITHDRWL                   AV5TAC64L214       IBAGUE73           FE,N/A,Bank of America - Bank - Bank of America Core Checking,PAYMENT,Actuals,Cash Withdrawal,Service Charges/Fees:N/A:PAYMENT,79,0,22,8,5,5,1
8/22/2016,Healthcare/Medical,CHECKCARD  0819 DROG CRUZ VERDE ACU@A0                      73001IBAGUE     xxxxxxxxxxxxxxxxxxx8407,N/A,Bank of America - Bank - Bank of America Core Checking,PAYMENT,Actuals,,Healthcare/Medical:N/A:PAYMENT,91,0,22,8,5,5,1
8/22/2016,Healthcare/Medical,CHECKCARD  0819 DROG CRUZ VERDE ACU@A0                      73001IBAGUE     xxxxxxxxxxxxxxxxxxx8407,N/A,Bank of America - Bank - Bank of America Core Checking,PAYMENT,Actuals,,Healthcare/Medical:N/A:PAYMENT,91,0,22,8,5,5,1
8/22/2016,Clothing/Shoes,CHECKCARD  0819 EXITO EXPRESS AVE xx                        xxx0100 IBAGU   xxxxxxxxxxxxxxxxxxx1661,N/A,Bank of America - Bank - Bank of America Core Checking,PAYMENT,Actuals,Express,Clothing/Shoes:N/A:PAYMENT,52,0,22,8,5,5,1
8/22/2016,Clothing/Shoes,CHECKCARD  0819 EXITO EXPRESS AVE xx                        xxx0100 IBAGU   xxxxxxxxxxxxxxxxxxx1661,N/A,Bank of America - Bank - Bank of America Core Checking,PAYMENT,Actuals,Express,Clothing/Shoes:N/A:PAYMENT,52,0,22,8,5,5,1
8/22/2016,Service Charges/Fees,CHECKCARD  0819 HERVELA              0                      73001IBAGUE     xxxxxxxxxxxxxxxxxxx4827,N/A,Bank of America - Bank - Bank of America Core Checking,PAYMENT,Actuals,,Service Charges/Fees:N/A:PAYMENT,79,0,22,8,5,5,1
8/22/2016,Groceries,CHECKCARD  0819 HERVELA              0                      73001IBAGUE     xxxxxxxxxxxxxxxxxxx4827,N/A,Bank of America - Bank - Bank of America Core Checking,PAYMENT,Actuals,,Groceries:N/A:PAYMENT,84,0,22,8,5,5,1
8/22/2016,Interest,PURCHASE INTEREST CHARGE,ChaseCC,Chase - Credit Card - CREDIT CARD Chase Sandra,PAYMENT,Actuals,Interest,Interest:ChaseCC:PAYMENT,166,0,22,8,12,5,1
8/23/2016,Utilities,AT&T MOBILITY   Bill Payment,Mobile,Bank of America - Bank - Bank of America Core Checking,PAYMENT,Actuals,AT&T,Utilities:Mobile:PAYMENT,105,0,23,8,5,5,1
8/23/2016,Utilities,COMCAST CABLE COMMUNICATIONS Bill Payment,Comcast,Bank of America - Bank - Bank of America Core Checking,PAYMENT,Actuals,Comcast,Utilities:Comcast:PAYMENT,50,0,23,8,5,5,1
8/23/2016,Healthcare/Medical,DROG CRUZ VERDE ACU@IBAGUE DRUG STORE/PHARMACY,N/A,American Express Cards - Business Gold Rewards Card AMEX Business CC,PAYMENT,Actuals,,Healthcare/Medical:N/A:PAYMENT,91,0,23,8,3,5,1
8/23/2016,Utilities,TU *TRANSUNION xxx-xxx-3292 CA  xxxxx4958,Transunion,Discover Card - Discover,PAYMENT,Actuals,TransUnion LLC,Utilities:Transunion:PAYMENT,111,0,23,8,16,5,1
8/23/2016,Clothing/Shoes,VELEZ 5090 MULTICENTIBAGUE LUGGAGE/LEATHER GOODS,N/A,American Express Cards - Business Gold Rewards Card AMEX Business CC,PAYMENT,Actuals,,Clothing/Shoes:N/A:PAYMENT,52,0,23,8,3,5,1
8/24/2016,Credit Card Payments,Chase Credit Cards Bill Payment,ChaseCC,Bank of America - Bank - Bank of America Core Checking,PAYMENT,Actuals,Chase,Credit Card Payments:ChaseCC:PAYMENT,31,0,24,8,5,5,1
8/24/2016,Healthcare/Medical,DROG CRUZ VERDE ACU@IBAGUE DRUG STORE/PHARMACY,N/A,American Express Cards - Business Gold Rewards Card AMEX Business CC,PAYMENT,Actuals,,Healthcare/Medical:N/A:PAYMENT,91,0,24,8,3,5,1
8/24/2016,Business Miscellaneous,JDI*JUSTCLOUD-CC.COMxxx-xxx-548 xxxxx-xxxxx xxx-xxx-5483,JDI,American Express Cards - Business Gold Rewards Card AMEX Business CC,PAYMENT,Actuals,JustCloud.Com,Business Miscellaneous:JDI:PAYMENT,0,0,24,8,3,5,1
8/24/2016,Utilities,NETFLIX.COM xxx-xxx-7172 CA xxxxxxx7080 DVD RENTALS,Netflix,American Express Cards - Blue for Business,PAYMENT,Actuals,Netflix,Utilities:Netflix:PAYMENT,225,0,24,8,2,5,1
8/24/2016,Credit Card Payments,Payment Thank You Bill Pa,ChaseCC,Chase - Credit Card - S. ANGULO,INCOME,Actuals,Payment Thank You,Credit Card Payments:ChaseCC:INCOME,148,0,24,8,13,4,1
8/26/2016,Transfers,Automatic Transfer from CHK 0403                            Confirmation# xxxxxx6791,N/A,Bank of America - Bank - Regular Savings,INCOME,Actuals,Transfer,Transfers:N/A:INCOME,253,0,26,8,7,4,1
8/26/2016,Transfers,Automatic Transfer to SAV 4195                              Confirmation# xxxxxx6791,N/A,Bank of America - Bank - Bank of America Core Checking,PAYMENT,Actuals,Transfer,Transfers:N/A:PAYMENT,270,0,26,8,5,5,1
8/26/2016,Service Charges/Fees,BANCOLOMBIA     08/26 #xxxxx4411 WITHDRWL                   CRA16SURx6-48      IBAGUE73,N/A,Bank of America - Bank - Bank of America Core Checking,PAYMENT,Actuals,Cash Withdrawal,Service Charges/Fees:N/A:PAYMENT,79,0,26,8,5,5,1
8/26/2016,ATM/Cash Withdrawals,BANCOLOMBIA     08/26 #xxxxx4411 WITHDRWL                   CRA16SURx6-48      IBAGUE73,N/A,Bank of America - Bank - Bank of America Core Checking,PAYMENT,Actuals,Cash Withdrawal,ATM/Cash Withdrawals:N/A:PAYMENT,46,0,26,8,5,5,1
8/26/2016,Service Charges/Fees,BANCOLOMBIA     08/26 #xxxxx4411 WITHDRWL                   CRA16SURx6-48      IBAGUE73           FE,N/A,Bank of America - Bank - Bank of America Core Checking,PAYMENT,Actuals,Cash Withdrawal,Service Charges/Fees:N/A:PAYMENT,79,0,26,8,5,5,1
8/27/2016,Business Miscellaneous,TREEHOUSE*TREEHOUSE ORLANDO FL B01FGCK6 xxx-xxx-2130,N/A,American Express Cards - Business Gold Rewards Card AMEX Business CC,PAYMENT,Actuals,TreeHouse,Business Miscellaneous:N/A:PAYMENT,39,0,27,8,3,5,1
8/27/2016,Child/Dependent Expenses,Withdrawal Visa Debit Card - SAFESPLASH SWIM SCHOOL xxx-xxx-1885 WA Date 08/25/16 x xxxxxxxxxx x 8299 %% Card 15 #7547,N/A,State Department FCU - Bank - BASIC CHECKING,PAYMENT,Actuals,,Child/Dependent Expenses:N/A:PAYMENT,57,0,27,8,20,5,1
8/28/2016,Restaurants/Dining,BOGOTA BEER COMPANY BOGOTA D.C. RESTAURANT,N/A,American Express Cards - Business Gold Rewards Card AMEX Business CC,PAYMENT,Actuals,,Restaurants/Dining:N/A:PAYMENT,53,0,28,8,3,5,1
8/28/2016,Child/Dependent Expenses,Withdrawal Visa Debit Card - SOCCER SHOTS SEATTLE xxx-xxx9344 WA Date 08/26/16 x xxxxxxxxxx x 7997 %% Card 15 #7547,N/A,State Department FCU - Bank - BASIC CHECKING,PAYMENT,Actuals,,Child/Dependent Expenses:N/A:PAYMENT,57,0,28,8,20,5,1
8/29/2016,ATM/Cash Withdrawals,ATH  B.OCC  PP  08/28 #xxxxx9713 WITHDRWL                   ATH  B.OCC  PPAL   7xx0105IBAGU,N/A,Bank of America - Bank - Regular Savings,PAYMENT,Actuals,Cash Withdrawal,ATM/Cash Withdrawals:N/A:PAYMENT,46,0,29,8,7,5,1
8/29/2016,Service Charges/Fees,ATH  B.OCC  PP  08/28 #xxxxx9713 WITHDRWL                   ATH  B.OCC  PPAL   7xx0105IBAGU       FE,N/A,Bank of America - Bank - Regular Savings,PAYMENT,Actuals,Cash Withdrawal,Service Charges/Fees:N/A:PAYMENT,79,0,29,8,7,5,1
8/29/2016,ATM/Cash Withdrawals,ATH  B.OCC  PP  08/28 #xxxxx9715 WITHDRWL                   ATH  B.OCC  PPAL   7xx0105IBAGU,N/A,Bank of America - Bank - Regular Savings,PAYMENT,Actuals,Cash Withdrawal,ATM/Cash Withdrawals:N/A:PAYMENT,46,0,29,8,7,5,1
8/29/2016,Service Charges/Fees,ATH  B.OCC  PP  08/28 #xxxxx9715 WITHDRWL                   ATH  B.OCC  PPAL   7xx0105IBAGU       FE,N/A,Bank of America - Bank - Regular Savings,PAYMENT,Actuals,Cash Withdrawal,Service Charges/Fees:N/A:PAYMENT,79,0,29,8,7,5,1
8/29/2016,Service Charges/Fees,BANCOLOMBIA     08/26 #xxxxx6035 WITHDRWL                   CL119#7-13         BOGOTA11,N/A,Bank of America - Bank - Bank of America Core Checking,PAYMENT,Actuals,Cash Withdrawal,Service Charges/Fees:N/A:PAYMENT,79,0,29,8,5,5,1
8/29/2016,ATM/Cash Withdrawals,BANCOLOMBIA     08/26 #xxxxx6035 WITHDRWL                   CL119#7-13         BOGOTA11,N/A,Bank of America - Bank - Bank of America Core Checking,PAYMENT,Actuals,Cash Withdrawal,ATM/Cash Withdrawals:N/A:PAYMENT,46,0,29,8,5,5,1
8/29/2016,Service Charges/Fees,BANCOLOMBIA     08/26 #xxxxx6035 WITHDRWL                   CL119#7-13         BOGOTA11           FE,N/A,Bank of America - Bank - Bank of America Core Checking,PAYMENT,Actuals,Cash Withdrawal,Service Charges/Fees:N/A:PAYMENT,79,0,29,8,5,5,1
8/29/2016,Restaurants/Dining,CHECKCARD  0825 LA PARRILLA DE CADIZ 0                      73001IBAGUE     xxxxxxxxxxxxxxxxxxx7596,N/A,Bank of America - Bank - Bank of America Core Checking,PAYMENT,Actuals,La Parrilla,Restaurants/Dining:N/A:PAYMENT,53,0,29,8,5,5,1
8/29/2016,Restaurants/Dining,CHECKCARD  0825 LA PARRILLA DE CADIZ 0                      73001IBAGUE     xxxxxxxxxxxxxxxxxxx7596,N/A,Bank of America - Bank - Bank of America Core Checking,PAYMENT,Actuals,La Parrilla,Restaurants/Dining:N/A:PAYMENT,53,0,29,8,5,5,1
8/29/2016,Groceries,CHECKCARD  0826 SUPERMERCADO MERCACENT                      xxx0100 IBAGU   xxxxxxxxxxxxxxxxxxx8989,N/A,Bank of America - Bank - Bank of America Core Checking,PAYMENT,Actuals,Supermercado,Groceries:N/A:PAYMENT,84,0,29,8,5,5,1
8/29/2016,Groceries,CHECKCARD  0826 SUPERMERCADO MERCACENT                      xxx0100 IBAGU   xxxxxxxxxxxxxxxxxxx8989,N/A,Bank of America - Bank - Bank of America Core Checking,PAYMENT,Actuals,Supermercado,Groceries:N/A:PAYMENT,84,0,29,8,5,5,1
8/29/2016,Entertainment,CHECKCARD  0827 CLUB CAMPESTRE DE IBAG                      xxx0100 IBAGU   xxxxxxxxxxxxxxxxxxx0168,N/A,Bank of America - Bank - Bank of America Core Checking,PAYMENT,Actuals,,Entertainment:N/A:PAYMENT,61,0,29,8,5,5,1
8/29/2016,Entertainment,CHECKCARD  0827 CLUB CAMPESTRE DE IBAG                      xxx0100 IBAGU   xxxxxxxxxxxxxxxxxxx0168,N/A,Bank of America - Bank - Bank of America Core Checking,PAYMENT,Actuals,,Entertainment:N/A:PAYMENT,61,0,29,8,5,5,1
8/29/2016,Service Charges/Fees,CITIBANK COLOM  08/28 #xxxxx4779 WITHDRWL                   Av Cll 26 # x10-0  Bogota,N/A,Bank of America - Bank - Bank of America Core Checking,PAYMENT,Actuals,Cash Withdrawal,Service Charges/Fees:N/A:PAYMENT,79,0,29,8,5,5,1
8/29/2016,ATM/Cash Withdrawals,CITIBANK COLOM  08/28 #xxxxx4779 WITHDRWL                   Av Cll 26 # x10-0  Bogota,N/A,Bank of America - Bank - Bank of America Core Checking,PAYMENT,Actuals,Cash Withdrawal,ATM/Cash Withdrawals:N/A:PAYMENT,46,0,29,8,5,5,1
8/29/2016,Service Charges/Fees,CITIBANK COLOM  08/28 #xxxxx4779 WITHDRWL                   Av Cll 26 # x10-0  Bogota             FE,N/A,Bank of America - Bank - Bank of America Core Checking,PAYMENT,Actuals,Cash Withdrawal,Service Charges/Fees:N/A:PAYMENT,79,0,29,8,5,5,1
8/29/2016,Groceries,EL MARKET COLOMBIA BOGOTA D.C. ANTIQUE SHOP,N/A,American Express Cards - Business Gold Rewards Card AMEX Business CC,PAYMENT,Actuals,,Groceries:N/A:PAYMENT,84,0,29,8,3,5,1
8/29/2016,Interest Income,Interest Earned,Interest,Bank of America - Bank - Regular Savings,INCOME,Actuals,Interest,Interest Income:Interest:INCOME,63,0,29,8,7,4,1
8/29/2016,Travel,PRIMERCAR BOGOTA D.C. LOCAL TRANSPORTATION,N/A,American Express Cards - Business Gold Rewards Card AMEX Business CC,PAYMENT,Actuals,,Travel:N/A:PAYMENT,18,0,29,8,3,5,1
8/29/2016,Parking,UBER BV BOGOTA CO 311LICEF6CB BUSINESS SERVICE,N/A,American Express Cards - Business Gold Rewards Card AMEX Business CC,PAYMENT,Actuals,Uber Technologies Ltd,Parking:N/A:PAYMENT,89,0,29,8,3,5,1
8/29/2016,Business Miscellaneous,Xoom.com         DES:DEBIT O    ID:xxxxxxxxxxx5678           INDN:ANGULO SANTIAGO         CO ID:1943,N/A,Bank of America - Bank - Business Economy Chk,PAYMENT,Actuals,Xoom Corporation,Business Miscellaneous:N/A:PAYMENT,39,0,29,8,6,5,1
8/30/2016,Restaurants/Dining,CHECKCARD  0828 RESTAURANTE BARBACOA                        xxx0100 IBAGU   xxxxxxxxxxxxxxxxxxx3573,N/A,Bank of America - Bank - Bank of America Core Checking,PAYMENT,Actuals,Barbacoa,Restaurants/Dining:N/A:PAYMENT,53,0,30,8,5,5,1
8/30/2016,Restaurants/Dining,CHECKCARD  0828 RESTAURANTE BARBACOA                        xxx0100 IBAGU   xxxxxxxxxxxxxxxxxxx3573,N/A,Bank of America - Bank - Bank of America Core Checking,PAYMENT,Actuals,Barbacoa,Restaurants/Dining:N/A:PAYMENT,53,0,30,8,5,5,1
8/30/2016,Paychecks/Salary,Deposit AMAZON GLOBAL RE - TYPE: DIRECT DEP ID: xxxxxx1101 CO: AMAZON GLOBAL RE %% ACH ECC PPD %% ACH Trace xxxxxxxxxxx1033,SAL-SV,State Department FCU - Bank - BASIC CHECKING,INCOME,Actuals,Deposits,Paychecks/Salary:SAL-SV:INCOME,11,0,30,8,20,4,1
8/31/2016,Service Charges/Fees,BANCOLOMBIA     08/31 #xxxxx4377 WITHDRWL                   CRA16SUR#96-4      IBAGUE73,N/A,Bank of America - Bank - Bank of America Core Checking,PAYMENT,Actuals,Cash Withdrawal,Service Charges/Fees:N/A:PAYMENT,79,0,31,8,5,5,1
8/31/2016,ATM/Cash Withdrawals,BANCOLOMBIA     08/31 #xxxxx4377 WITHDRWL                   CRA16SUR#96-4      IBAGUE73,N/A,Bank of America - Bank - Bank of America Core Checking,PAYMENT,Actuals,Cash Withdrawal,ATM/Cash Withdrawals:N/A:PAYMENT,46,0,31,8,5,5,1
8/31/2016,Service Charges/Fees,BANCOLOMBIA     08/31 #xxxxx4377 WITHDRWL                   CRA16SUR#96-4      IBAGUE73           FE,N/A,Bank of America - Bank - Bank of America Core Checking,PAYMENT,Actuals,Cash Withdrawal,Service Charges/Fees:N/A:PAYMENT,79,0,31,8,5,5,1
8/31/2016,Service Charges/Fees,BANCOLOMBIA     08/31 #xxxxx6072 WITHDRWL                   CRA5CL28ESQ        IBAGUE73,N/A,Bank of America - Bank - Bank of America Core Checking,PAYMENT,Actuals,Cash Withdrawal,Service Charges/Fees:N/A:PAYMENT,79,0,31,8,5,5,1
8/31/2016,ATM/Cash Withdrawals,BANCOLOMBIA     08/31 #xxxxx6072 WITHDRWL                   CRA5CL28ESQ        IBAGUE73,N/A,Bank of America - Bank - Bank of America Core Checking,PAYMENT,Actuals,Cash Withdrawal,ATM/Cash Withdrawals:N/A:PAYMENT,46,0,31,8,5,5,1
8/31/2016,Service Charges/Fees,BANCOLOMBIA     08/31 #xxxxx6072 WITHDRWL                   CRA5CL28ESQ        IBAGUE73           FE,N/A,Bank of America - Bank - Bank of America Core Checking,PAYMENT,Actuals,Cash Withdrawal,Service Charges/Fees:N/A:PAYMENT,79,0,31,8,5,5,1
8/31/2016,Groceries,CHECKCARD  0829 SUPERMERCADO MERCACENT                      xxx0100 IBAGU   xxxxxxxxxxxxxxxxxxx6901,N/A,Bank of America - Bank - Bank of America Core Checking,PAYMENT,Actuals,Supermercado,Groceries:N/A:PAYMENT,84,0,31,8,5,5,1
8/31/2016,Groceries,CHECKCARD  0829 SUPERMERCADO MERCACENT                      xxx0100 IBAGU   xxxxxxxxxxxxxxxxxxx6901,N/A,Bank of America - Bank - Bank of America Core Checking,PAYMENT,Actuals,Supermercado,Groceries:N/A:PAYMENT,84,0,31,8,5,5,1
8/31/2016,Paychecks/Salary,CHECKFREE SERVIC DES:PAYROLL    ID:xxxxxxxxxx0878            INDN:SANTIAGO ANGULO         CO ID:1080,SAL-SA,Bank of America - Bank - Bank of America Core Checking,INCOME,Actuals,,Paychecks/Salary:SAL-SA:INCOME,10,0,31,8,5,4,1
8/31/2016,Interest Income,Deposit Dividend 0.100% - %% APY Earned 0.10% 08/01/16 to 08/31/16,N/A,State Department FCU - Bank - REGULAR SAVINGS,INCOME,Actuals,Deposit,Interest Income:N/A:INCOME,214,0,31,8,21,4,1
8/31/2016,Home Improvement,HOMECENTER IBAGUE DEPARTMENT STORE,N/A,American Express Cards - Business Gold Rewards Card AMEX Business CC,PAYMENT,Actuals,,Home Improvement:N/A:PAYMENT,107,0,31,8,3,5,1
8/31/2016,Restaurants/Dining,JUAN VALDEZ CENTRO IIBAGUE FAST FOOD RESTAURANT,N/A,American Express Cards - Business Gold Rewards Card AMEX Business CC,PAYMENT,Actuals,Juan Valdez Cafe,Restaurants/Dining:N/A:PAYMENT,53,0,31,8,3,5,1
8/31/2016,Service Charges/Fees,Monthly Maintenance Fee,ASOLChecking,Bank of America - Bank - Business Economy Chk,PAYMENT,Actuals,,Service Charges/Fees:ASOLChecking:PAYMENT,121,0,31,8,6,5,1
8/31/2016,Clothing/Shoes,T SHIRTS RETRO IBAGUE FAMILY CLOTHING,N/A,American Express Cards - Business Gold Rewards Card AMEX Business CC,PAYMENT,Actuals,,Clothing/Shoes:N/A:PAYMENT,52,0,31,8,3,5,1
8/31/2016,Clothing/Shoes,TENNIS COMBEIMA IBAGUE FAMILY CLOTHING,N/A,American Express Cards - Business Gold Rewards Card AMEX Business CC,PAYMENT,Actuals,,Clothing/Shoes:N/A:PAYMENT,52,0,31,8,3,5,1
